-0.069619061,0.096779894,0.530346352
-0.045999918,0.064916885,0.5160620760000001
0.088786782,0.123668971,0.539514238
-0.053115723,0.075587462,0.6246734700000001
-0.064961671,0.091996739,0.6157432679999999
0.013161163,0.017335802,0.5601168329999999
-0.05225101,-0.072597351,0.6201667399999999
-0.060594304,0.074112525,0.6078005310000001
-0.092566502,-0.131594507,0.6166352390000001
0.017425267,0.014303216,0.6421904439999999
-0.065525155,0.090295714,0.6190884400000001
-0.037666763,0.051187104,0.5480837000000001
-0.057925532,0.082674941,0.50312643
0.016624467,0.021262575,0.6313940250000001
0.108115752,0.132214879,0.5684208390000001
-0.060296025,0.065120027,0.5240130430000001
0.030255318,-0.04077129,0.638455311
0.069360074,0.098386609,0.566482215
-0.046238678,0.065770201,0.622475637
-0.033549503,0.04590871,0.5520846509999999
-0.021531801,0.02693718,0.609756792
-0.025894218,0.035874989,0.6015516409999999
-0.070150194,0.095030302,0.6032105510000001
0.040794419,-0.052343815,0.6349161670000001
0.095144838,0.124342567,0.552818475
0.056945845,0.074809678,0.6223227389999999
0.108520304,0.14804742,0.596832614
0.009216748,0.011721199,0.6313012069999999
-0.048862094,0.065806317,0.6043897579999999
-0.028195519,0.03980666,0.5711569759999999
-0.02160844,0.030830955,0.5920486220000001
0.083161415,0.114502109,0.610792681
0.099617704,0.140863618,0.550967185
-0.067692498,0.093119452,0.6176864929999999
-0.037207211,0.050481028,0.6108646289999999
-0.016814704,-0.023464038,0.590858538
0.044959548,0.062360865,0.5957367629999999
-0.016529856,-0.02334397,0.639074733
0.020760645,0.027610642,0.6040196790000001
0.04448745,-0.059248575,0.614837284
0.020797884,0.028052914,0.569912658
0.029762863,-0.0356455,0.640818774
-0.046026286,0.054199557,0.5934747890000001
0.118462948,0.142957892,0.5097968070000001
0.073740065,0.100123602,0.5277292629999999
0.015729789,-0.020216731,0.6370100379999999
0.066687951,0.088322192,0.5934904329999999
-0.0382304,0.054124445,0.602791716
0.139601706,0.185356729,0.571604309
-0.070276656,0.097751768,0.623814452
0.097956329,0.118254197,0.5583730929999999
-0.047911663,0.067505467,0.605002552
0.125180111,0.17595562,0.5623922910000001
0.047776969,0.059895355,0.614639189
-0.012448158,0.01695892,0.5731440750000001
-0.043179297,0.061479826,0.631071481
0.00834131,-0.010829619,0.6371881319999999
-0.009113785,0.012007801,0.6128021189999999
-0.041540453,0.056726673,0.6207097239999999
-0.011348542,0.015487346,0.609819221
0.015557973,-0.021650972,0.6196355060000001
0.047676796,0.067491686,0.5922927279999999
-0.045566574,0.059903579,0.5659001349999999
0.114832951,0.162661817,0.5591537
-0.064869247,-0.083221235,0.631351821
0.008331152,-0.009850374,0.6242651319999999
0.081808058,0.114983333,0.5600511610000001
0.05031485,0.070636039,0.6201451760000001
0.144519838,0.160230839,0.566891796
-0.044864908,0.063741431,0.5914785229999999
-0.008734164,0.011159387,0.5807267970000001
0.094506538,0.122901628,0.45142961099999995
-0.038709717,0.048879638,0.611633619
-0.068939542,0.093581965,0.604741827
-0.061931438,0.087316404,0.6027486470000001
-0.051658709,0.061841899,0.625063881
0.059694245,0.076458364,0.585239303
0.111891749,0.139866561,0.5921589650000001
0.099789529,0.088772067,0.617434829
-0.009684255,-0.012183751,0.596125561
0.121186263,0.13995375,0.5922707919999999
-0.062586043,0.086290289,0.6070374030000001
-0.051310762,0.059759219,0.613575575
0.050839768,0.05954482,0.543254106
-0.018108373,0.02283002,0.6327025260000001
0.089906797,0.127764574,0.5347091660000001
-0.010920848,-0.014821156,0.631202147
0.066798624,0.094294159,0.56736823
0.122407483,0.166568561,0.5660722970000001
-0.012111367,0.016261153,0.570462995
-0.052985096,0.066770314,0.5106139620000001
-0.03220029,0.045543257,0.5905410419999999
-0.059725194,0.080355619,0.593157202
-0.070368718,0.098689529,0.6102769299999999
0.122415133,0.15846777,0.5689120830000001
-0.027325996,0.0380337,0.6108320949999999
0.11740065,0.158795691,0.58924888
-0.089450771,0.106624349,0.589472284
0.040641122,0.05592671,0.5744049069999999
0.124469909,0.175855752,0.535927045
0.108266864,0.144827377,0.5869091580000001
0.088729173,0.124902207,0.5584483010000001
0.107158683,0.152242123,0.5868346849999999
-0.012399272,0.017515235,0.6351536710000001
-0.089187392,0.10001133,0.6150260139999999
0.071803443,0.091980953,0.6169686000000001
-0.053782872,0.064187992,0.6078872040000001
0.121394655,0.166210982,0.5856487669999999
-0.012936292,-0.017372367,0.618312416
0.097532363,0.116382995,0.581626845
-0.040187445,0.055951901,0.609647695
0.124977436,0.171621806,0.570617656
0.134861398,0.158316826,0.562295566
0.136382353,0.173681724,0.5535358619999999
0.065742646,-0.080032711,0.6256964190000001
0.067716239,0.091887561,0.5359144229999999
0.03811987,0.052278384,0.6324040799999999
-0.049577662,-0.069322334,0.6381573089999999
-0.068439578,0.090730914,0.5836304649999999
0.106920125,0.14414348,0.48282013500000004
0.053634403,0.070662143,0.584241929
-0.029875403,0.041558472,0.5351169659999999
0.114490523,0.149330567,0.47037179999999995
0.118524604,0.160382327,0.579057148
-0.024532502,0.03038107,0.621395814
0.074368126,0.095465226,0.48487535
0.132914573,0.18406004,0.5753927320000001
0.097541459,0.127057763,0.5310514799999999
-0.025626875,0.030100861,0.5904554959999999
-0.033941768,0.047510298,0.537846587
0.091318375,0.118821981,0.606311579
-0.013474955,-0.017284091,0.6237225719999999
-0.034908413,0.043880351,0.5541550820000001
-0.045761753,0.063133887,0.611272399
0.083907343,0.117800593,0.5967727380000001
0.100299814,0.130637227,0.598513071
0.090958451,0.127104442,0.593092757
0.108984902,0.154995064,0.510993188
0.111447049,0.147212624,0.5871467930000001
0.150206571,0.186532218,0.570333239
0.106215602,0.125197611,0.554659067
-0.040841052,0.047398583,0.528923091
0.1202569,0.142325212,0.575075081
0.042691511,0.052191588,0.573297832
0.048870387,-0.067961866,0.6377799259999999
-0.037183241,0.049922269,0.6135683249999999
0.014850369,-0.019413213,0.643119497
0.062638527,0.088458257,0.602367026
-0.08242781,0.11482688,0.5688272189999999
-0.029858041,0.033381462,0.5456278830000001
0.014177787,0.016760689,0.5908659549999999
0.015384987,-0.019927557,0.617907787
-0.027185573,-0.035100449,0.6426687739999999
-0.007950375,-0.009130286,0.6296682090000001
-0.09300363,-0.123766804,0.6176847329999999
0.014520954,0.019977394,0.5863825570000001
-0.079841065,0.110638326,0.614010964
0.117452221,0.159206876,0.489780693
-0.062962474,0.089084343,0.6279256659999999
0.03639087,0.050828266,0.59897464
0.056716908,0.070828846,0.518854895
0.063098451,0.080028991,0.6232705970000001
0.102116202,0.137094731,0.5757219
0.131311604,0.169779609,0.556010576
-0.02874873,0.0402554,0.5477884049999999
-0.039933419,0.042619495,0.5500710630000001
0.057586498,-0.072654698,0.6360786700000001
-0.022572284,-0.029267176,0.619775661
-0.060846186,0.08628021,0.482476498
-0.056613383,0.072452113,0.561733783
0.066193523,0.078137964,0.5471017519999999
-0.062261396,0.07921274,0.5767138430000001
0.013308806,-0.017388427,0.6048886520000001
-0.037726548,0.04514441,0.6132311829999999
0.033541573,0.040831659,0.552681166
-0.063151057,0.087702571,0.601320761
-0.052357731,0.068814152,0.579343291
0.023382776,0.031566096,0.596209889
0.059056204,0.068350859,0.563031375
0.025940865,-0.027670907,0.6250604529999999
-0.078943714,0.104749236,0.614397241
-0.055531863,0.064909009,0.579893341
-0.017398512,0.020305992,0.6411000099999999
-0.057150799,0.080047844,0.6256848660000001
-0.007236642,-0.009181841,0.623271186
0.111995264,0.147356472,0.588465247
-0.043036383,-0.050673385,0.6289943849999999
-0.054141173,0.060122006,0.6090718820000001
0.105088402,0.139888988,0.47128879500000004
0.034040667,0.043758506,0.556656013
0.092953315,0.114138172,0.609035676
0.030733624,0.041409181,0.567913288
-0.062624981,0.088427855,0.5215902219999999
-0.081781049,0.112425198,0.5968854669999999
-0.08815068,0.112479805,0.6043516609999999
0.109067476,0.143869324,0.586443684
-0.073910562,0.0978258,0.531481348
-0.025455039,0.036204802,0.582388449
0.041822223,0.055118867,0.533260152
0.011734962,-0.015515189,0.6136203490000001
0.010342732,0.013653415,0.584944001
-0.066271994,0.076879984,0.47830725700000004
-0.075997934,0.097560811,0.613746626
0.03767268,0.045447631,0.5478316809999999
-0.017862032,0.024049089,0.6193158169999999
0.051768425,0.06824218,0.618744629
-0.065686931,0.088155694,0.6269180699999999
0.041953996,0.058163984,0.5144897930000001
0.151316677,0.17010125,0.5778537370000001
0.037290621,0.052355863,0.609263342
-0.028303923,0.032152946,0.615268046
-0.070891998,0.094266118,0.5851149090000001
0.021603185,0.028821638,0.6013912429999999
0.057967673,0.07524495,0.6285982219999999
0.093178464,0.1206235,0.550460672
-0.002793646,-0.003477628,0.6262273190000001
-0.007643027,0.00821552,0.6291959069999999
-0.013260429,0.017916364,0.6051150059999999
-0.074367536,0.094330256,0.625565696
-0.015206296,-0.019897186,0.602828962
0.113567035,0.158424128,0.5960286770000001
0.030622473,0.033647466,0.616479751
-0.07615964,0.095264851,0.5657068919999999
0.050711219,0.064309325,0.58822401
0.090033564,0.103764338,0.605882145
-0.030126543,0.040045195,0.6078117139999999
0.007302917,-0.008552546,0.619415402
0.053177643,-0.072326075,0.619759282
0.128143031,0.16680435,0.569815609
-0.01647876,0.019656843,0.6016437889999999
-0.062978401,0.086138239,0.5445671780000001
0.069944238,0.079550005,0.5944357760000001
0.027776796,0.034918362,0.615906206
0.070839797,0.096898149,0.616754365
-0.080969378,0.098432252,0.5511049749999999
0.059788295,0.082779092,0.617479383
0.141598962,0.164480044,0.559284143
0.028209788,0.038046462,0.630801089
-0.084888022,0.105443552,0.58960737
-0.076929563,0.106529334,0.5991941080000001
-0.03776178,0.044212738,0.599218655
0.132751995,0.152252303,0.574732048
-0.06017951,0.072943391,0.49190276399999994
0.065325219,0.084512079,0.608069355
0.025223915,0.027449075,0.627588204
0.01172085,-0.01371115,0.60171552
0.010301219,0.013974801,0.619262414
0.12680345,0.153508131,0.515630985
0.025597536,0.03081048,0.6068144870000001
-0.015805803,-0.019883085,0.6339539169999999
0.145622486,0.159787724,0.5095220549999999
0.08327555,0.102408006,0.540798356
-0.057479979,0.073209292,0.5185908340000001
-0.100572267,-0.131093822,0.6165009800000001
0.080437506,0.089641895,0.411322452
0.123746396,0.154170639,0.583222398
0.058571093,0.08070924,0.6153465979999999
0.055447476,0.073298248,0.5266618679999999
0.129150368,0.139977446,0.537626451
-0.066092856,0.087966292,0.6125946259999999
0.082571708,0.103096466,0.545386744
0.016065184,0.021079244,0.593501123
-0.056423966,0.068833436,0.525307784
0.120643294,0.138049384,0.5600011279999999
0.077480903,0.09742169,0.523600399
-0.054819562,0.072160943,0.5000639229999999
0.14004909,0.186789398,0.566379846
-0.065187743,0.122594623,0.613044425
-0.050169969,0.066838585,0.5867076499999999
0.121958594,0.127466023,0.43656947100000004
0.113740798,0.153336349,0.596998422
-0.083448544,0.089003636,0.548468213
-0.050001983,0.064003764,0.607200929
0.07330862,0.085236544,0.616065952
0.057743071,0.067663681,0.620946687
0.073428981,0.083667866,0.5660944210000001
0.111219935,0.147485166,0.589894825
0.107130217,0.130910087,0.5525076849999999
-0.067430889,0.082083558,0.480660122
0.078210288,0.100475659,0.611087401
0.061995014,-0.071532461,0.6296297310000001
0.078242863,0.09305291,0.5708744159999999
0.037837401,0.047230935,0.611579804
-0.028647015,-0.035630519,0.609446752
0.130831901,0.165836794,0.5212725789999999
-0.024135893,0.028008303,0.5788458110000001
0.086670845,-0.10989499,0.6219985699999999
0.03647618,-0.046113543,0.631513958
0.069825975,0.088727397,0.5535481879999999
0.137206817,0.169644134,0.5520939840000001
-0.037049651,0.044552634,0.543882988
-0.086795897,0.106337006,0.6109278410000001
-0.07953393,0.102539104,0.587880306
-0.104598872,-0.13376505,0.612061035
-0.071126454,0.075112679,0.5993556229999999
-0.025443584,-0.025791172,0.6107876320000001
0.144501049,0.182151213,0.5556617500000001
-0.021137145,-0.028062601,0.6223899909999999
0.146426369,0.172308319,0.5504652539999999
-0.070487554,0.089274436,0.5716323349999999
0.138562007,0.18346495,0.55304519
0.141754349,0.159799255,0.544540399
0.065352041,0.087114864,0.5914271520000001
0.100614695,0.133963686,0.5819531840000001
-0.043053752,0.055012098,0.6060028980000001
-0.061172639,0.067098394,0.5977047
-0.069435613,0.090342146,0.6063935330000001
0.089919163,0.120545649,0.577779898
0.015173563,-0.019830529,0.615513755
0.083098861,0.105925093,0.582441048
-0.073833019,-0.091392685,0.624501551
0.04473895,0.054711306,0.541446785
0.098322455,0.104926911,0.5855432329999999
-0.014164335,0.01666828,0.584241035
0.034053947,0.03625586,0.580276528
-0.05524553,0.064421847,0.603529438
0.091673204,0.104100464,0.530256598
-0.065384996,0.072812115,0.5264906229999999
-0.034275702,0.040561011,0.602271328
0.11328407,0.135952505,0.5564563060000001
0.14989584,0.181122509,0.550565486
-0.07231907,0.088530141,0.508053447
-0.034418301,-0.039064995,0.6220671609999999
0.087152876,0.094660128,0.5813902280000001
0.116947776,0.138523402,0.5891388550000001
0.089509324,0.115402655,0.5644700890000001
-0.037185099,0.046257462,0.5465106900000001
0.019907099,0.022782324,0.5895819389999999
0.141556955,0.163617691,0.508671895
0.135474823,0.142195423,0.47885995899999995
0.091025075,0.109341392,0.6036119600000001
0.067619162,0.081555459,0.5413662079999999
0.146626545,0.155405382,0.5352474789999999
-0.009076217,0.009153115,0.580942866
-0.085674185,-0.102251441,0.6190868460000001
0.069407728,0.072199761,0.500541111
0.043163043,0.055362322,0.6131843269999999
0.077926799,0.090835216,0.62273256
0.022678352,-0.023626492,0.5974436379999999
0.014756405,-0.016150249,0.62898901
-0.079259723,0.089465051,0.589586586
-0.052053634,0.058777696,0.6003020159999999
-0.058209189,0.066815939,0.6177753450000001
0.046858755,-0.057719088,0.630291315
-0.012765127,-0.014837889,0.6276432089999999
0.092059184,0.12156137,0.54577181
0.099000511,0.106830819,0.595263876
-0.045405563,0.057565766,0.630101295
0.108040718,0.123308279,0.6023996460000001
-0.06593113,0.082939616,0.5948795899999999
0.134415383,0.159372789,0.58889513
-0.04166466,0.047541213,0.6006038840000001
-0.077169313,0.098215831,0.572480052
0.080524237,-0.0997403,0.6285606800000001
0.117287044,0.132057376,0.5868139349999999
-0.045590006,0.052470952,0.6295185510000001
-0.054529418,0.063914669,0.5294126299999999
-0.059868461,-0.070857049,0.624805343
0.102380192,0.124856811,0.555678938
-0.03978077,0.040849114,0.594016581
-0.028157148,0.033956441,0.626504178
0.044050828,0.059021765,0.6057291579999999
0.035176926,0.038858495,0.5760134699999999
0.042539638,0.054958649,0.632864004
0.145809381,0.169030222,0.5562330630000001
0.103221065,0.124827111,0.49328412399999993
0.061665391,0.071911499,0.572743022
0.15827033,0.15941558,0.578807903
-0.093537604,0.099438695,0.596988893
-0.053617421,0.067590868,0.61548848
0.147717241,0.166118012,0.571114085
0.035376075,0.037259612,0.618992851
0.110108936,0.117995775,0.488648495
0.079500934,0.087916406,0.608986375
-0.061183128,0.074956175,0.586545783
0.11486542,0.141321368,0.587259596
0.156258177,0.173429576,0.5195647750000001
0.143491975,0.169296571,0.581211852
0.103825356,0.118191301,0.600172194
0.10804467,0.103160713,0.43553739899999994
-0.041842525,0.049209034,0.6250278410000001
0.00769155,0.009123583,0.601648065
-0.046119518,0.057435425,0.6366095089999999
0.137544764,0.137481718,0.49904291399999995
0.059200875,0.074194253,0.618335246
0.071796874,0.091191269,0.596754147
0.097066468,0.101928838,0.597060846
-0.004834984,0.006080381,0.625995809
0.125579575,0.131392185,0.48210828599999994
0.025394535,0.031468906,0.572453614
0.04712357,0.053725797,0.604967692
-0.072376026,0.08637572,0.599140053
0.072050332,0.072196694,0.511773324
0.071378976,0.089982867,0.47836491600000003
0.063557549,-0.07347899,0.6241382360000001
0.126622691,0.154715488,0.590903529
0.03944406,0.051465777,0.56889257
0.150004522,0.167450863,0.5487710990000001
0.092689234,0.110576271,0.5874092660000001
0.135883603,0.165194298,0.561979923
-0.06107711,0.071409741,0.57819825
0.08849799,0.109103254,0.5832392200000001
-0.033390326,-0.038721736,0.6305421259999999
0.151276564,0.175162484,0.52359997
-0.02422716,0.029121112,0.629619323
-0.00779448,-0.008748392,0.591616151
-0.06961244,0.082047114,0.5463780709999999
0.09305421,0.113923252,0.46680022299999996
-0.085445903,0.104294018,0.589520888
0.123947638,0.147101511,0.593335994
0.069648808,0.086888503,0.5160754949999999
0.094840563,0.100757784,0.45195207600000004
0.102377602,0.124923942,0.603673779
0.026085418,0.031238398,0.615458606
-0.044229637,0.049633863,0.6104076469999999
0.13671489,0.135509876,0.557303018
-0.015283468,0.018634672,0.613565811
0.128071927,0.152518967,0.5146941549999999
0.128618013,0.162697653,0.5416693029999999
0.044563421,-0.053490924,0.620417864
0.059903999,0.073710187,0.5952071269999999
0.096071688,0.116945618,0.6138360700000001
0.069616588,0.083618719,0.525863406
0.106156357,0.116830117,0.5119041289999999
0.1203029,0.148852935,0.535566298
-0.014416459,-0.01590169,0.600477183
0.043773628,0.050271451,0.6155385309999999
0.136391768,0.171633035,0.511705305
0.099859634,0.107890236,0.6040000269999999
0.060845481,0.072781485,0.6315426559999999
0.118931366,0.142414785,0.5478734379999999
-0.079930281,0.077298741,0.5419212469999999
0.029034107,0.035643584,0.625260224
-0.10874255,-0.126620769,0.614653109
0.102500282,0.119064286,0.42302831999999996
0.092617918,0.110606972,0.546714607
-0.039688441,0.042623744,0.626405487
0.082644872,0.102657212,0.614236757
-0.036108294,0.037844665,0.5618158499999999
0.019576051,0.023998703,0.630343257
0.035933474,0.044918626,0.602901489
-0.054456329,-0.063681607,0.6097768539999999
0.05853317,0.069381274,0.507052984
0.016858585,0.019181094,0.6153448880000001
-0.038991655,0.045275124,0.605500666
0.092738405,0.115506568,0.521728336
0.096125454,0.105730538,0.6053527059999999
0.070921522,0.08028231,0.556651316
0.058518487,0.070094119,0.5166642429999999
-0.073355797,0.087186339,0.5871757419999999
0.111754467,0.130938401,0.46592245699999996
0.093348917,0.110316035,0.6175261249999999
-0.044157767,0.047801207,0.628301257
0.014141284,0.016466342,0.603030352
-0.040307267,-0.039011899,0.6297171619999999
-0.052513057,0.057455423,0.543695378
-0.041816588,0.049809824,0.6356066819999999
-0.093187214,-0.089253859,0.6165908819999999
0.013446548,-0.015809453,0.619067032
0.126254763,0.149100165,0.528701732
0.062641732,0.07621926,0.5576797520000001
0.129085347,0.135032078,0.594884908
-0.088155974,0.094974032,0.5894422100000001
0.083276345,0.091677747,0.5436224169999999
0.116738184,0.137233677,0.5674741269999999
0.075077781,0.090015183,0.5777346590000001
-0.075220432,0.086093119,0.6057922410000001
0.020323228,0.018902638,0.624798596
-0.077436874,0.07592348,0.600067141
-0.029134985,0.034527661,0.6365468919999999
0.082108935,0.088170118,0.494532104
-0.057029213,0.062999852,0.584820431
0.147482904,0.171882176,0.575587214
0.104057879,0.117674224,0.6031750170000001
-0.042960878,0.052869686,0.5916891369999999
-0.018389184,0.022302155,0.6211526810000001
0.02872117,0.033443127,0.617906469
-0.007285866,-0.008124819,0.5910778919999999
-0.023305811,-0.028200605,0.6055392449999999
0.098792142,0.122282523,0.5409230439999999
-0.005641893,0.006294479,0.6167488329999999
0.096344919,0.101989121,0.5781068089999999
-0.022467828,0.026013922,0.61448451
-0.064579957,0.071360506,0.574389431
0.142568277,0.165766253,0.5094526239999999
0.024126521,0.02777853,0.588508848
0.014340379,0.015095028,0.609923408
0.07423294,0.086298139,0.5896619160000001
0.126869646,0.139145915,0.5950184649999999
0.042494018,-0.044114957,0.6145293729999999
0.082716704,0.088311572,0.450863202
-0.075749654,0.081678739,0.60339421
0.063901157,0.071972859,0.6137172310000001
0.041747089,0.039607982,0.56439559
-0.024226119,0.024922064,0.611221475
0.149183944,0.147763528,0.5647430449999999
0.051965966,0.05202878,0.6187723249999999
-0.070477608,0.0667631,0.6265055820000001
0.110958492,0.114591587,0.602894383
0.137184788,0.128636701,0.5333583559999999
0.099505496,0.103159591,0.519897016
-0.076902764,0.082266492,0.6061420390000001
-0.061054213,0.069188327,0.6314051860000001
0.08810077,0.104415489,0.5264900509999999
0.050596582,0.04674876,0.5552809949999999
0.05012075,0.050991488,0.5449298039999999
0.132845461,0.13886706,0.578847541
-0.079864606,0.093775588,0.580995505
0.090742593,0.108794007,0.43280750799999995
0.022278551,0.024169365,0.61632409
0.03137115,-0.034334404,0.624203818
0.017188718,0.019567047,0.6284934579999999
0.03677232,0.043056854,0.628786107
-0.06883788,0.078328996,0.6120278610000001
0.142572947,0.151893971,0.483260748
0.101734274,0.103553558,0.424711714
0.010183157,0.0111892,0.640634785
0.012189976,0.013979673,0.578997939
0.13470246,0.137640622,0.5699961579999999
-0.080631379,0.080647779,0.613138969
0.068804706,0.075748399,0.542257209
0.124481186,0.137241983,0.5966930779999999
0.007807795,0.007981094,0.591200569
-0.061449085,0.057400429,0.593508763
0.136496645,0.146547948,0.5684370839999999
-0.051343953,0.052320245,0.6230959890000001
0.120519284,0.113104428,0.500229891
0.01896191,0.021646169,0.6065426970000001
0.069888636,0.074777534,0.558155983
0.132104274,0.148182208,0.577819182
0.070813213,0.08273114,0.619483043
0.095638016,0.104142294,0.6083742329999999
0.117892299,0.125466274,0.441443765
0.080819454,0.07344802,0.601150705
-0.017753907,-0.021211982,0.599522092
0.018107294,0.020686212,0.5925567999999999
0.087441145,0.090039634,0.5947192020000001
-0.104316261,-0.114532138,0.6182671559999999
-0.035316282,0.037396015,0.6207634559999999
-0.049704874,-0.050449481,0.607239071
-0.087887656,0.100635215,0.61015704
0.051961888,0.060384203,0.613360414
0.082394865,0.092723288,0.5872256979999999
-0.049405115,0.055315382,0.6234882939999999
0.117361993,0.122203966,0.512378665
0.090434147,0.10324821,0.500035182
-0.094209454,0.095020093,0.5985003609999999
0.01280514,0.015064773,0.5938049700000001
-0.032383796,0.032892015,0.5669158910000001
0.153435311,0.179243463,0.528091836
-0.059558205,0.067954495,0.6106858559999999
-0.010280644,-0.009340308,0.618807645
0.148554161,0.16119277,0.576402487
-0.048218746,0.056606478,0.559012923
0.147699936,0.147087126,0.494864157
0.030922417,-0.03052666,0.6164126649999999
-0.08560878,0.09541656,0.5731760749999999
-0.100030588,0.102839888,0.58500763
0.01665224,0.017865789,0.590680871
0.007914314,-0.007899945,0.615883041
0.140575116,0.143843539,0.57773192
0.032107458,0.036103215,0.620669694
0.049696353,0.051797415,0.610371188
0.057120626,0.065136874,0.56667617
0.148402872,0.171314209,0.566376414
0.105290389,0.10334383,0.42550700599999997
-0.065463716,0.065144576,0.613055811
-0.067362509,0.072194472,0.5730420359999999
0.086100294,0.096908012,0.603401971
-0.042927884,0.041305429,0.637171341
0.05957246,0.059181222,0.623690847
-0.057141067,0.059039642,0.6252683139999999
0.158152601,0.164679172,0.5641087730000001
-0.068653894,0.077569208,0.6262264280000001
0.102757168,0.109029475,0.554027525
0.115583659,0.092302174,0.5935506479999999
0.038330756,0.039517168,0.6218986950000001
0.051820404,0.09729426,0.627063736
0.007661504,-0.008654477,0.6371608879999999
0.104361392,0.105813421,0.5879323379999999
0.014955746,0.017454285,0.5787644460000001
0.022351279,0.019088143,0.598459882
0.060355493,0.062437533,0.6032095909999999
0.131308468,0.152069683,0.5835874000000001
-0.071708199,-0.065717107,0.632272699
0.084315134,0.110809326,0.613929736
0.061780339,0.059078046,0.576858887
-0.068433772,0.071424697,0.619305363
0.154639781,0.169714109,0.555974824
0.147777319,0.154047476,0.569097583
0.13464675,-0.132235846,0.6042717740000001
0.039434482,0.043636064,0.6337387240000001
0.032192459,0.032299404,0.626003565
0.065924985,0.077679312,0.600196497
-0.091626257,0.08619083,0.623162948
0.044838096,0.043483093,0.6016769310000001
0.010047334,0.008678583,0.618002138
0.09433023,0.103019627,0.6090139320000001
-0.009493603,0.010285219,0.623382265
-0.021182056,0.018687051,0.600053459
0.099165388,0.11188722,0.602730534
0.14574235,0.153337315,0.529160656
-0.058365615,0.051669577,0.554126567
0.059193046,0.063452947,0.5840446340000001
-0.028323639,0.02772718,0.602130826
0.142792641,0.148021528,0.5662833460000001
0.165595125,0.153712478,0.515122944
-0.021717331,0.023818344,0.6341823499999999
0.153935114,0.1560976,0.548814822
0.018735984,-0.017849121,0.6123349309999999
0.140170204,0.152959839,0.557921587
0.054524639,0.058399575,0.602843155
0.106965437,0.115638394,0.5417703469999999
0.132633463,0.133655753,0.5823375580000001
0.089117706,0.090520367,0.6025838059999999
0.157664785,0.171202361,0.572651601
0.096211883,0.09439341,0.586022125
0.124431353,0.119638764,0.458932147
0.069585241,0.076197743,0.599982808
0.069384569,0.07256903,0.5000875389999999
0.031076847,-0.033286227,0.621923016
-0.096422316,0.084943837,0.608735517
0.033837078,0.037419495,0.5919173010000001
0.046287976,0.04902843,0.5775526870000001
-0.04042963,0.042955428,0.630822803
-0.060628502,0.053158708,0.590950401
0.101217707,0.113521448,0.550098384
0.11339843,0.110224913,0.596859837
0.051079342,0.052375958,0.6119423609999999
0.156725013,0.159589355,0.5214627540000001
0.032492623,0.033627643,0.6252641859999999
0.105428512,0.107333261,0.599360519
0.073197285,0.069741287,0.615629199
-0.052211819,0.056213644,0.6187261580000001
0.094302901,0.101067338,0.593135
0.111987537,0.116866069,0.487664072
-0.027592926,-0.029165444,0.6081659639999999
0.049794784,0.048925952,0.603251035
-0.029815531,-0.031457948,0.609592675
-0.070626195,0.075727221,0.560470869
0.063338952,0.070726987,0.578254531
0.023721069,0.024483405,0.60385862
0.062660994,0.06463032,0.517686619
0.080317591,0.076412419,0.594292467
-0.068355099,0.070730371,0.554065555
-0.005508057,-0.005539913,0.60441721
0.158832447,0.173030603,0.5709794779999999
-0.012412717,0.01246399,0.6144041899999999
-0.094101409,0.087942057,0.596403424
-0.011358137,-0.011357812,0.591722517
0.119082715,0.131060511,0.585843584
-0.034797438,-0.034372067,0.614048073
0.132369588,0.131174671,0.5966900749999999
0.007739787,0.00770814,0.603786406
-0.005946967,-0.00514092,0.586846038
0.166315407,0.169511708,0.553145467
0.148460841,0.142864474,0.58104876
0.130280606,0.126514107,0.5750999370000001
-0.04640413,-0.045373448,0.625912501
0.081251441,0.090481594,0.5501471979999999
-0.078770119,0.08047514,0.617006497
-0.067963737,0.062956436,0.5636912489999999
0.170560177,0.171174875,0.550611153
0.080924463,0.084284188,0.6177222529999999
0.131942166,0.143165462,0.47018439799999995
-0.071278812,-0.07436141,0.613270244
-0.101100576,0.097634075,0.571655893
0.161268558,0.168129784,0.561803426
-0.077448662,0.070614286,0.535962219
-0.096944565,0.103593099,0.5850579279999999
0.01372169,-0.012957278,0.621022634
0.083850609,0.09287512,0.504463834
-0.019965488,-0.022113374,0.632245153
0.054018406,0.056411229,0.5894252369999999
0.148962691,0.13680369,0.566019391
0.104955055,0.103364524,0.54408385
-0.029394848,0.028150037,0.6142869559999999
-0.046074539,-0.049743494,0.6376874029999999
0.020797417,0.022753197,0.606180232
-0.018714532,0.016964528,0.6111410669999999
-0.073312727,0.079930531,0.614774739
-0.021751217,0.022186131,0.6183103489999999
-0.064993646,0.056887716,0.6254660619999999
0.026016112,0.025294469,0.630364065
-0.048910134,0.051292586,0.590215573
-0.009627146,-0.010883999,0.6442346939999999
-0.013830903,-0.014241085,0.6403627380000001
-0.027044812,0.028805343,0.555753452
-0.016786752,-0.017599487,0.599228627
-0.012057636,-0.012192444,0.6027133309999999
0.169400656,-0.186338872,0.573173207
0.076972012,0.082292725,0.5515105659999999
0.151824747,0.141033251,0.47052681300000004
0.059653487,0.051098564,0.6134528619999999
0.049656454,0.05582084,0.6267996789999999
0.047217292,0.044310152,0.564231358
0.094983309,0.097107794,0.497582499
0.073026173,0.073460228,0.5126509989999999
0.142745213,0.143984448,0.47152078000000003
0.085824279,0.088339861,0.5070206070000001
0.015013685,0.015173139,0.627665723
-0.073961409,0.070657117,0.5629563769999999
0.072259055,0.075531724,0.621629287
-0.094262142,0.081431392,0.6185834729999999
-0.070396823,0.061115981,0.609969319
-0.074144534,0.071051704,0.483233549
-0.050622804,0.050839666,0.5368876709999999
0.109950407,0.103872361,0.484490795
0.123132722,0.123362294,0.552869746
0.054707296,0.058882275,0.6192541300000001
0.037773803,0.041220396,0.5628118950000001
0.057546959,0.096054334,0.6265780670000001
0.085255495,0.092530104,0.6174004639999999
-0.083498022,0.081288494,0.5283616899999999
-0.081122068,0.07971396,0.6169627010000001
0.116666012,0.118185708,0.583083912
0.105578721,0.098762746,0.598770595
0.155469431,0.162076164,0.49319392700000003
-0.092083981,0.097537384,0.571507548
-0.044827806,0.047797049,0.594594617
0.050236902,0.046107249,0.5843594590000001
0.080016915,0.074595672,0.612764919
-0.032491406,-0.033173197,0.6065873909999999
0.083798791,0.090460472,0.5971145419999999
-0.081327574,0.074689375,0.5212703839999999
0.027918254,0.028428391,0.6259855940000001
0.132876167,0.12096134,0.573476938
-0.010366266,0.010756162,0.631618129
0.036740474,0.040189585,0.626634626
0.026929455,0.023608799,0.5983509330000001
0.168973766,0.1728644,0.5626752260000001
0.003031299,0.002677308,0.583960002
-0.08724637,0.118948962,0.6093418559999999
0.12300442,0.133163688,0.572660977
-0.09851393,0.097946519,0.5701618099999999
0.05433304,0.056221741,0.5391140830000001
-0.103039277,0.090842322,0.6173767130000001
-0.028169471,0.028316767,0.6081584280000001
-0.119984941,-0.119734982,0.615443339
-0.03499737,0.032177574,0.5874425299999999
-0.043414244,0.036931411,0.5997539729999999
-0.053484125,0.055107924,0.542227829
-0.034054558,-0.033225097,0.6093161460000001
-0.083062996,0.082979927,0.622835064
-0.084484448,0.074919689,0.6249363910000001
0.100161831,0.107113483,0.571629312
-0.051885327,0.047085349,0.610801114
0.002744981,0.002967724,0.583999274
-0.093446331,0.083109867,0.6016706350000001
-0.051208303,0.04694044,0.6071911189999999
0.075471058,0.073624252,0.601251322
-0.073134875,0.067958728,0.614364224
0.061300686,0.063227229,0.5644680280000001
0.110218891,0.094935001,0.5993108169999999
0.036230123,0.038449245,0.586686574
-0.071972399,0.071229131,0.5814792049999999
-0.077175686,0.073198842,0.59548445
0.051080835,0.046862733,0.59647322
0.083192099,0.084736101,0.6128222569999999
0.078749564,0.063251588,0.506313048
0.122929758,0.115742264,0.5916658539999999
0.110107551,0.116328864,0.525646826
0.081696047,0.081706052,0.625182165
-0.083563176,-0.089193287,0.6232485459999999
0.099062658,0.099102051,0.610478144
-0.085045038,0.073156176,0.5888358
-0.028197168,0.024946021,0.583914987
-0.02936323,-0.028805897,0.618033687
0.007044521,0.0074458,0.5900612000000001
-0.00667526,-0.007122861,0.588147025
-0.043432006,0.040937484,0.5464505799999999
0.066543477,0.06206626,0.5126444539999999
0.175260573,0.16683322,0.568066782
0.130594073,0.121670004,0.484448252
0.095556033,0.086905387,0.57973779
-0.039695022,-0.036039159,0.6180122720000001
-0.045378922,-0.045753117,0.6053003889999999
0.119138035,0.1153453,0.43226161599999996
0.00219152,0.002118478,0.6381616059999999
-0.01611765,-0.01569855,0.630086752
0.15391869,0.145987186,0.5806273259999999
-0.043839021,0.037777667,0.6269943119999999
-0.081111752,0.072935338,0.6243611709999999
0.084103635,0.087784646,0.5984943709999999
-0.043875485,0.041385806,0.5786234889999999
0.15100209,0.151366498,0.516618781
-0.075434181,0.062844433,0.6252986009999999
0.013942168,-0.014259074,0.6088094239999999
0.132138113,0.134954048,0.5962501929999999
-0.012701867,-0.011698376,0.615526552
0.09162213,0.092036783,0.5115078070000001
0.160907527,0.155157609,0.578509277
-0.08642481,0.073047581,0.62327497
0.126972576,0.113595677,0.60788847
-0.037560113,-0.039647857,0.6310242159999999
0.119694678,0.109426214,0.597890279
0.033597897,0.035208025,0.609941074
-0.031960868,-0.030563879,0.600270235
0.019164498,0.01934247,0.620793744
0.052847403,0.050264868,0.5607722609999999
-0.022433708,0.022367484,0.6116311379999999
0.077434804,0.067248966,0.6108324890000001
0.085311618,0.090087982,0.589734846
0.019215998,0.019195034,0.6351639549999999
0.1284643,0.124868028,0.5715773550000001
-0.103085074,-0.108632223,0.6188549109999999
-0.071248058,0.070264474,0.58872496
-0.025764675,-0.027161064,0.612230024
0.098031557,0.104387639,0.5761259860000001
0.167243062,0.142778369,0.578304345
-0.057274067,-0.048860069,0.629273838
0.033745876,0.032251145,0.6369189239999999
0.085007514,0.085382409,0.5133429629999999
0.072103372,0.1011268,0.6219495530000001
-0.022681935,0.022347157,0.59876865
0.03773036,0.035882856,0.6016384429999999
-0.071145763,0.060569878,0.6195082949999999
-0.009601466,0.008520047,0.605375966
-0.054239728,0.04549455,0.6007287370000001
0.100289747,0.096806045,0.5351136270000001
0.137808596,0.129636153,0.5654194539999999
0.110410629,0.10993264,0.430366163
0.040844251,0.03543494,0.599192111
-0.04291694,0.0432053,0.551460872
-0.049447038,-0.046748179,0.639496244
-0.028840945,-0.029428573,0.6363188989999999
0.079690097,0.07966708,0.617492213
0.086638295,0.084725769,0.622266084
0.035166845,0.03357937,0.551462484
0.003314929,0.002877357,0.585152831
0.107787338,0.096041694,0.510270923
-0.08155174,-0.077038507,0.6328380769999999
-0.080053459,0.077566226,0.6030788359999999
0.081677236,0.080663782,0.45523672899999995
-0.071283617,0.067864596,0.6149281719999999
0.161225102,0.16087808,0.5214908629999999
0.009560775,-0.008470996,0.6156944339999999
0.084055512,0.084184979,0.505183945
-0.064681162,0.053146008,0.549779735
-0.079891616,0.075160341,0.6193147509999999
0.099927491,0.103360977,0.5058605780000001
0.052169954,0.05335341,0.5303145890000001
0.117746524,0.100074638,0.582929818
-0.102071116,0.095063804,0.614329721
0.108964385,0.098617645,0.58311143
-0.028756693,-0.029182166,0.6265324459999999
0.029519755,0.02985538,0.629132882
-0.099768592,0.086357348,0.597250482
0.129372537,0.123558103,0.580239162
0.064442028,0.065581429,0.5451727019999999
0.148973212,0.149992592,0.566613923
0.060745051,0.054615029,0.533276597
0.039507303,0.040717652,0.5791484659999999
0.071106828,0.066586527,0.5955051440000001
-0.078858415,0.078111678,0.6198274749999999
0.130266318,0.110844298,0.44443603800000003
0.080625109,0.077356417,0.625081894
0.010182537,0.00912331,0.6378854119999999
-0.038230532,0.037647059,0.584082854
-0.052765806,0.047301563,0.6050949560000001
-0.066358383,0.060815511,0.495839988
0.116105086,0.113397087,0.48711144300000003
0.164834184,0.166045613,0.503069427
-0.048057956,0.043115895,0.6377876650000001
-0.05332646,0.049399917,0.594695878
-0.066323336,0.059977601,0.5954851139999999
0.081365188,0.079633418,0.479558419
0.115898389,0.114099762,0.599445148
0.134523508,0.108380732,0.418513467
-0.077527717,0.070557273,0.598592829
0.131509896,0.116656454,0.434156821
-0.073490535,0.073085298,0.47673861199999995
-0.043604968,0.043815659,0.589262715
0.006231598,-0.005303967,0.6204053249999999
0.047320041,0.048131203,0.6204060899999999
-0.072827021,0.067951789,0.525772141
-0.046583475,0.040860372,0.605597664
0.023904359,0.020795117,0.6097826470000001
-0.052024193,0.043469388,0.618923331
0.123779981,0.100798295,0.583818586
0.11666857,0.095136329,0.5831255049999999
0.133252997,0.122288565,0.596407709
-0.098565616,0.092704711,0.593308586
-0.017092375,0.014672331,0.595557447
-0.078857258,0.070432492,0.6284589999999999
0.139540419,0.125534468,0.579863864
-0.095032056,0.082852336,0.5885542779999999
-0.055217764,0.050564672,0.5668940869999999
0.10448249,0.099086204,0.6006814759999999
-0.070123404,0.065769675,0.602900928
0.156714847,0.125684695,0.540684207
0.124615883,0.122035207,0.602980447
-0.055946262,0.051669432,0.6032040459999999
0.128646146,0.119974639,0.45661876900000004
0.06370373,0.057682777,0.5619579319999999
0.124791577,0.112581566,0.50123874
-0.028741504,0.02620818,0.593033819
-0.019474774,-0.017511613,0.6344624109999999
-0.100721662,0.0816005,0.6026123699999999
0.146710523,0.147822292,0.567063857
0.008854354,0.00797065,0.586648507
-0.04317127,0.035894941,0.6159710119999999
0.014536187,-0.010022483,0.614999133
0.084464939,0.083527696,0.48328076000000003
0.102417382,0.094718524,0.590076928
0.077739372,0.074089061,0.495386888
0.077469578,0.072238825,0.605952947
-0.040930323,0.03976205,0.607394193
0.169473465,0.152788599,0.553026354
0.021096288,0.016229659,0.610994856
0.144184178,0.142361275,0.567927284
0.120733092,0.116987378,0.489525319
-0.016918148,0.013734443,0.6075802539999999
-0.066043125,0.059744382,0.6114948010000001
0.111236846,0.099016919,0.475703402
0.122720371,0.110337394,0.505186787
-0.069736504,0.062469739,0.6258611789999999
0.083154701,0.07935009,0.6124433629999999
-0.102816602,-0.090926861,0.6122483240000001
0.158151929,0.147547276,0.5689217179999999
-0.030111426,-0.027701382,0.59869401
0.116777594,0.111894464,0.5339137249999999
0.09232743,0.075271805,0.453161004
-0.04800205,-0.040772585,0.626636108
0.073619435,0.069081663,0.49802932799999994
-0.03610678,-0.036325974,0.630123744
0.066493172,0.055034291,0.5909211430000001
0.08492704,0.085699451,0.60115667
0.019384954,-0.015416692,0.6245522159999999
0.170517259,0.152652461,0.563890534
0.105612543,0.10180303,0.578885034
0.069129111,0.064795185,0.631159636
0.078086877,0.066835667,0.599763839
0.016861833,0.015274568,0.5983682530000001
0.120402505,0.100223464,0.516150254
-0.084504421,0.076105212,0.6056990010000001
-0.029649863,-0.023956354,0.6125059310000001
-0.055363398,0.04769748,0.6174218949999999
0.172746763,0.163121382,0.5030540640000001
-0.015389382,0.013461374,0.605290925
0.100822593,0.096407029,0.6107836170000001
0.115247214,0.107726341,0.6043386769999999
0.182767981,0.127914677,0.528134114
0.165614778,0.128160827,0.5198434329999999
0.01575682,0.014962859,0.605137284
0.146349493,0.120071862,0.5042331019999999
-0.067354033,0.052702102,0.5108065989999999
0.025751789,0.026015069,0.6273141819999999
0.019220413,-0.016069816,0.6272423009999999
0.024668257,0.021786206,0.6229287079999999
0.168712507,0.155637458,0.531042886
0.117100158,0.110868215,0.522593069
0.024559385,-0.022840919,0.6400350800000001
-0.095341279,0.081003052,0.5675357000000001
-0.093592397,0.085761944,0.5902538390000001
0.086266024,0.081400737,0.526010887
0.081243267,0.079192526,0.5207778670000001
-0.017280051,-0.017364268,0.591436635
0.069737525,0.063481681,0.50365609
0.133350991,0.11950277,0.594528326
0.114122389,0.096792592,0.47559821099999994
0.156094013,0.149632465,0.5213595360000001
0.114119269,0.108758459,0.42749115200000004
-0.028897894,0.024025209,0.6068132369999999
0.079715623,0.096677135,0.6216345969999999
-0.008154529,-0.007766947,0.6376104680000001
0.068864464,0.064695317,0.601854941
0.17876593,0.15449315,0.5459675879999999
0.12106645,0.100941839,0.491583999
0.147899273,0.13239706,0.5918266640000001
0.194632474,0.156580369,0.5574082199999999
0.117634965,0.100916106,0.46590001899999994
0.014220459,0.013788228,0.6058303030000001
-0.057362826,0.053067693,0.6219428300000001
0.040724205,0.03571927,0.5623333319999999
0.103557545,0.089841661,0.603354623
0.128342453,0.11109183,0.5779054509999999
-0.081949028,0.06749188,0.5733225529999999
0.022635216,0.020310843,0.55994141
-0.017131626,-0.015350898,0.59437969
0.074886675,0.072056994,0.572371366
-0.051366059,0.046316776,0.6220767030000001
-0.027641299,-0.026230561,0.6435753310000001
0.154700204,0.143910302,0.579413564
-0.050371059,0.045641351,0.567825614
0.175254176,0.161716866,0.5548107369999999
-0.06681403,0.063809573,0.6281055929999999
0.094710513,0.092953486,0.5650579199999999
-0.089339893,0.072579042,0.6062257120000001
0.082108267,0.07754581,0.59522005
0.030429677,-0.027204277,0.625257105
0.085709636,0.079591609,0.466802279
-0.082794854,0.075131549,0.624330185
0.149359303,0.131124523,0.573885682
-0.087157316,0.075481859,0.5366162699999999
0.117417631,0.091609277,0.6023343429999999
0.027086551,0.025481064,0.603046244
0.078651888,0.072088202,0.622099248
0.146214911,0.135993498,0.5801139829999999
0.117523838,0.096495847,0.601531587
0.141761907,0.128473628,0.444838
-0.060087312,0.051486109,0.6123948699999999
-0.071849797,-0.067602231,0.631721005
-0.027019842,-0.024871169,0.5976751229999999
0.064688346,0.05393028,0.624438753
-0.085025953,0.066606196,0.5612981239999999
0.174355042,0.154659047,0.5513730210000001
0.097406246,0.090481584,0.539743176
0.1190623,0.10598443,0.5880427930000001
0.160804318,0.117159406,0.5719386310000001
0.047949961,-0.035970376,0.6353766569999999
0.207922489,0.15317307,0.5479487889999999
0.127878915,0.114068941,0.5608076
0.088114667,0.080652711,0.6034217669999999
0.164585022,0.144502793,0.553521417
-0.056564456,0.050391307,0.630195769
0.081518398,0.077997434,0.5975325389999999
-0.064720171,0.050786003,0.6263017689999999
0.060773134,0.0506388,0.6144043669999999
0.182237315,0.159681709,0.5286562189999999
0.014018109,0.011616908,0.5879021259999999
-0.02959082,-0.027346407,0.624634071
0.177931531,0.155864043,0.492257994
-0.060218045,-0.049976212,0.608467801
0.161475168,0.143602651,0.5743680200000001
-0.105301825,0.092489102,0.617469815
0.066797314,0.056843637,0.623502547
0.009370245,0.008587303,0.6406986720000001
0.089440229,0.07154877,0.5945634099999999
-0.058729893,-0.074985317,0.6333728620000001
-0.027140553,-0.024133533,0.595967967
0.173334139,0.148887778,0.5171729140000001
0.116758021,0.106275426,0.54620428
-0.034312074,0.027233535,0.5998468669999999
0.036992215,0.033820393,0.564803532
0.122352657,0.100592371,0.40889094
-0.074755806,0.058010767,0.6176335019999999
0.02565422,-0.020302449,0.629331477
0.156459223,0.110606247,0.587282005
0.069032897,0.056354092,0.6001480560000001
-0.045253798,0.04109755,0.610577403
-0.045321542,-0.041138458,0.6285444199999999
-0.030520128,-0.028450495,0.6390911239999999
-0.075582993,-0.061201237,0.614075943
0.137545138,0.116663365,0.5408802850000001
0.035426849,0.030580662,0.6174947740000001
-0.093413833,0.078222881,0.496800604
0.06249445,0.058895148,0.621320857
0.118627757,0.107609535,0.49174241199999996
0.118273808,0.10319272,0.571447043
-0.076801583,0.06850517,0.49060219599999993
0.081813055,0.102512927,0.6190242619999999
0.141850051,0.126688006,0.546953453
0.112927814,0.089051004,0.395384306
-0.026794236,0.02299175,0.5896387919999999
-0.048494791,-0.042210025,0.6155796739999999
0.098494433,-0.074024982,0.6123270869999999
-0.04328964,0.037393023,0.5974817939999999
-0.106250429,0.081813689,0.6138110960000001
0.056204576,0.051804409,0.5076594670000001
0.0917537,0.084551525,0.5414631599999999
0.087988962,0.077729168,0.57731347
-0.095856492,0.084325499,0.5552850229999999
0.113647816,0.10130834,0.5587767450000001
0.144158274,0.111385099,0.5296206960000001
-0.082544422,0.076117344,0.556531409
0.097233513,0.078774415,0.6043835529999999
-0.06961038,0.063397191,0.6307417449999999
0.197566901,0.171997493,0.542001559
0.137996661,0.128485338,0.43194633499999996
-0.084653517,0.074724064,0.621104554
0.089494567,0.075691678,0.608298639
0.082503906,0.060134054,0.6127964180000001
0.183684954,0.153744541,0.5268410589999999
0.078014125,0.071528629,0.549464376
0.011320565,0.010190434,0.6388594759999999
-0.084252206,0.073734576,0.49218720199999993
-0.017067466,0.012767445,0.593828872
-0.02437462,-0.021505151,0.598102887
0.185700507,0.15469653,0.5412854250000001
-0.039860302,-0.034865922,0.619491776
-0.014225886,-0.011904878,0.5927898300000001
0.077546259,0.063916546,0.6091478429999999
-0.059055965,-0.043460849,0.6269224229999999
0.078140549,0.065676374,0.623919321
0.016311702,0.012967626,0.617806727
0.041576359,-0.034666741,0.6028882339999999
-0.054913339,0.046558456,0.5135437060000001
-0.075044404,0.060563957,0.630657048
0.103372811,0.08100806,0.6086670860000001
0.029726883,0.025426539,0.602602307
-0.053376724,0.046144332,0.6249245299999999
0.162471467,0.144756725,0.5381546530000001
0.065252294,0.053242126,0.6049849190000001
0.072991038,0.063812049,0.6048656050000001
0.203593231,0.171543941,0.54993417
-0.042503878,0.033679366,0.5804156739999999
-0.066245083,-0.059372727,0.6240466170000001
0.07393825,0.066592567,0.6186724509999999
0.095306393,0.075816578,0.423892655
-0.025630172,-0.023446047,0.593928867
0.135747027,0.122694969,0.43721663799999994
0.093291493,0.066649752,0.627629051
-0.07943846,0.068282868,0.600450639
0.077716935,0.069576008,0.60978171
0.100965455,0.090254559,0.578431753
-0.067160971,0.058041813,0.6007250769999999
0.023485803,-0.019107175,0.639542938
-0.03303343,-0.025770884,0.6155226089999999
-0.090896677,0.068988322,0.585735082
0.032260608,0.028525116,0.6382520730000001
0.094379184,0.084394335,0.5273077719999999
0.16651538,0.13269268,0.584484099
0.078945704,0.066603281,0.544754368
0.123692213,0.095630734,0.59275213
0.069371308,0.055446449,0.614178897
0.101317519,0.081353127,0.5794522879999999
0.138672074,0.1113899,0.45649535699999993
0.030548909,0.023204808,0.583407432
0.123796005,0.101286826,0.538515501
0.095563475,0.079356193,0.602285986
-0.059135588,0.048056732,0.612936033
0.154834608,0.127363748,0.579416352
0.056230803,0.049574413,0.560816287
0.056910016,0.047819712,0.527354712
0.109855042,0.093994592,0.415975014
-0.022486786,0.015390148,0.5627545629999999
-0.099090173,0.065174022,0.496890486
-0.030218816,0.026340911,0.562487623
0.127558257,0.108540292,0.499076131
-0.062996276,0.052030161,0.5883672769999999
0.051928857,-0.043094937,0.620205771
-0.065219615,0.055727692,0.549373578
0.092081098,0.073846846,0.493107707
0.132825788,0.117418295,0.6015451519999999
-0.068557454,0.053948097,0.5478812719999999
-0.083824373,0.065574143,0.563948345
0.019384526,0.016361608,0.6134189859999999
-0.080935884,-0.089610772,0.623665782
-0.036187995,-0.025010026,0.5978644719999999
-0.094872878,0.080250772,0.5873072800000001
0.081200386,0.072458594,0.594890733
0.017094677,-0.012809471,0.622907044
0.099486777,0.071760413,0.565795772
-0.015506121,0.012583176,0.63855225
0.023480417,0.021027799,0.594280369
-0.016871271,-0.012978924,0.5973189720000001
0.140540966,0.122318629,0.440671989
-0.062040951,-0.051129414,0.6244266430000001
0.126707927,0.094177127,0.473374186
-0.059934265,0.045961941,0.631893576
-0.016560518,-0.014547768,0.600925924
0.067311701,0.056458591,0.619448072
0.161753017,0.134958813,0.5107408440000001
0.039128434,0.031925652,0.5854975229999999
0.160304088,0.133053964,0.515860975
-0.06303113,0.04421726,0.620831865
0.008880257,0.007431976,0.6120303899999999
-0.096594647,0.079732461,0.6205142720000001
0.03458475,-0.02810133,0.6254706489999999
-0.098464114,0.075637224,0.5601654460000001
-0.029499276,-0.023005859,0.6095746609999999
-0.081037697,0.06050672,0.5788103709999999
0.108676306,0.092241301,0.43427964199999997
0.048249357,0.03809607,0.6090838009999999
-0.096095769,-0.080979558,0.629238907
0.107231308,0.084222614,0.501144415
-0.076644129,-0.055725086,0.6288559549999999
0.178348153,0.123651649,0.540092392
0.178684164,0.142758432,0.547438369
0.051298822,0.036934559,0.6383817730000001
0.149975244,0.127491159,0.5266455720000001
-0.023291349,-0.019454645,0.6017818349999999
-0.09614647,-0.083692744,0.6287635469999999
-0.012027177,0.009771991,0.634941794
0.162874644,0.122415726,0.454071744
0.202688769,0.153090767,0.514904681
0.167346148,0.130675999,0.5845540419999999
-0.097152382,0.076797093,0.588352609
0.071868924,0.060455687,0.616545108
0.006675661,0.005601868,0.6361709090000001
0.119768077,0.101028549,0.570770201
-0.064836734,-0.051821613,0.6371804940000001
-0.024282593,0.019449685,0.6167773480000001
0.081702352,0.070975305,0.5873790670000001
0.172266464,0.140572406,0.508734172
0.195410195,0.16445599,0.535953444
0.047904594,0.086752354,0.631597491
-0.078532045,0.065003191,0.49662854500000003
0.132592628,0.116339158,0.46891556399999995
-0.008163306,-0.006759053,0.599556397
0.132224761,0.109188378,0.426828818
0.110415934,0.070845851,0.5515171189999999
0.204185868,0.160508744,0.5159410659999999
0.147016313,0.118650522,0.491696458
0.130826566,0.109426284,0.47098670699999995
0.036421651,0.029126498,0.5884180720000001
0.109624153,0.087357912,0.5292122770000001
-0.089114591,-0.078593523,0.614930051
0.119781838,0.095491855,0.5197764810000001
-0.050666281,0.035486471,0.5466258289999999
0.111991788,0.094404013,0.45826407099999994
-0.100065765,0.064409867,0.622508539
0.123417451,0.084401114,0.505777855
-0.071230069,-0.05686794,0.630819255
-0.098914489,0.077769488,0.6001421600000001
0.061329423,0.046816845,0.516447377
-0.104634541,0.087099847,0.5571807040000001
-0.063518519,0.05441194,0.6244863540000001
-0.053081501,0.044422248,0.608855294
0.161936101,0.128097306,0.465374074
0.16421627,0.117790344,0.51226193
-0.007552083,-0.006251539,0.6168196850000001
-0.05902883,0.036097326,0.60209135
0.080506055,0.060534743,0.5223801560000001
-0.027478565,0.022392486,0.5647063189999999
-0.016514502,-0.012423016,0.587083953
-0.085215099,0.064485959,0.6140569760000001
0.030361183,-0.023771176,0.643101243
-0.123379883,0.075320801,0.617431729
0.040635521,-0.033645515,0.6417283330000001
-0.083788743,0.062767065,0.618889158
0.109417886,0.085168203,0.535994753
0.09766653,-0.072507008,0.628584423
0.036373853,0.024987964,0.5576584609999999
-0.062276116,-0.052086958,0.626183339
-0.071191999,0.05179831,0.5974048350000001
-0.01973135,0.015568089,0.580592174
-0.073373117,0.053967912,0.5447599729999999
-0.038821922,0.029524641,0.5557719969999999
-0.103331364,0.085376086,0.586199315
0.011272216,0.009278222,0.570341564
0.027892452,0.021734188,0.6143692089999999
0.154672628,0.117941192,0.49787510500000004
0.02128122,0.01850491,0.5776826850000001
-0.077549141,0.056890216,0.5947261209999999
0.131980561,0.112813417,0.55474329
0.101280811,0.086648356,0.5976226099999999
-0.092479125,-0.073544488,0.619851371
0.109325483,0.074332191,0.557975439
0.152830942,0.123714519,0.584562333
-0.008144308,0.005663452,0.6285787730000001
0.178475369,0.147076609,0.564842045
0.122509358,0.102965865,0.41068251100000003
-0.027502353,0.021871666,0.615329137
0.104559978,0.089560072,0.49943944300000004
-0.10037744,-0.081799861,0.624752486
0.02920565,0.025396686,0.60764744
0.145966442,0.124918438,0.5720640079999999
0.191957881,0.155805487,0.5440100560000001
0.031959312,0.021162665,0.606296433
0.195594373,0.157556074,0.554263908
-0.058618669,0.048046383,0.5362626349999999
-0.086297546,0.070006405,0.6046509339999999
0.027764379,0.021363662,0.6107817470000001
0.108445829,0.094341462,0.49305209999999994
0.029529495,-0.020334687,0.6107152600000001
0.082542201,-0.064650758,0.6323387199999999
0.051630017,0.044160033,0.6245546660000001
0.083560797,-0.067804136,0.618550809
0.074021012,0.057809464,0.528246193
-0.022465811,0.016575726,0.576010921
-0.06080697,0.044943662,0.580793077
-0.026245724,0.019279867,0.570585785
0.0855326,0.073632379,0.542995559
0.119241382,0.092043116,0.5156980179999999
0.133377696,0.109120653,0.585529065
0.008264398,0.006590758,0.629320563
0.114847353,0.091508763,0.40528139299999993
-0.01637693,-0.012808604,0.624057997
0.09622561,0.070506703,0.5624043409999999
0.098228472,0.0774378,0.46047756599999995
-0.08583686,0.065348101,0.541952802
0.144792103,0.105062711,0.498553776
0.164884581,0.121759374,0.542366012
0.128547674,0.1034935,0.5864292470000001
-0.085077758,0.068720863,0.605554637
-0.122004395,0.078258959,0.561350062
-0.065184396,0.048873741,0.607865068
0.104805853,0.076743782,0.5355991099999999
0.032408175,0.024566092,0.5772579879999999
0.186344643,0.155374873,0.48711157199999994
0.002678519,0.002082832,0.6135663709999999
0.092335256,0.070630516,0.612000503
-0.007786537,-0.006570926,0.6438053779999999
0.154587725,0.123779184,0.49650055
-0.022794974,-0.017741771,0.61037038
0.065844269,0.05655048,0.517388545
0.111606947,0.087252027,0.46214871799999996
-0.026125548,-0.021067767,0.6116694199999999
0.086180244,0.061011779,0.5667986869999999
-0.023029213,0.016917763,0.6283742859999999
-0.079943589,0.064208393,0.604373346
-0.089569229,-0.071236277,0.6259071650000001
-0.062874885,0.049698237,0.5233246410000001
0.142771508,0.116672267,0.5457155039999999
0.127962632,0.093689406,0.444846252
-0.088684337,0.064636338,0.6011743119999999
0.055442367,-0.03928882,0.6271707879999999
0.171240196,0.136704314,0.512134718
-0.070509975,-0.051858342,0.613650628
0.115160943,0.079189885,0.455312663
0.045609005,0.034058545,0.6089186200000001
0.106009327,0.090730871,0.56055009
-0.011418301,-0.008476632,0.615169056
0.125086734,0.091549568,0.545489157
0.109571067,0.091862294,0.5057196829999999
0.078391741,0.066598483,0.5785601920000001
0.160529214,0.122816109,0.45996016
0.131662124,0.097061145,0.412616566
-0.014513439,0.0098025,0.578678974
-0.027944489,-0.022110849,0.6241613100000001
0.05355609,0.103997372,0.6249258369999999
0.201860707,0.141387305,0.558881191
0.093953958,-0.065605141,0.630946808
0.007300929,0.005102304,0.6430011840000001
-0.067402811,0.053356534,0.6274017540000001
-0.105051629,0.063912026,0.5839419690000001
0.095809228,0.080234971,0.6006800750000001
-0.030121154,0.019709361,0.601625418
0.130171314,0.090086733,0.46467068699999997
0.012107576,0.009475098,0.626185561
0.072764562,0.055517193,0.63140873
0.078981031,0.057856167,0.484957233
0.149199032,0.107579537,0.5923163140000001
-0.012997,-0.009678288,0.606137398
-0.093052507,0.073282904,0.556435311
0.114373745,0.087697542,0.42409218899999995
0.101729137,0.078533311,0.5998912510000001
0.02033951,-0.012015074,0.6140334940000001
-0.085628291,0.065003879,0.596380517
-0.04958514,-0.039516337,0.60825855
0.011386436,0.008641676,0.619029552
0.200688469,0.134106768,0.538222711
0.156216817,0.104078972,0.58208331
0.131115003,0.101167304,0.5730843109999999
0.076098175,0.053806964,0.5046773689999999
0.10394986,0.086367572,0.5902633639999999
0.149107655,0.117741407,0.57835485
0.131895838,0.09701538,0.552900639
-0.076758646,0.047110347,0.536844184
0.147985139,0.121253675,0.581031418
0.089651474,0.0646993,0.6000343020000001
-0.11300516,0.078271798,0.5991105859999999
-0.028335609,0.022079933,0.634787628
-0.106289699,-0.087620306,0.619954927
0.022226507,0.018703356,0.6410558259999999
0.060569878,0.046232951,0.5984257179999999
0.117486833,0.088229409,0.548674737
-0.102117737,0.064322746,0.621038897
-0.119749967,0.074571262,0.6089003630000001
0.106347792,0.07811599,0.6068528200000001
-0.037763982,-0.029090102,0.629660734
-0.083599546,0.057624704,0.6055451030000001
0.208860201,0.152204028,0.5049608379999999
0.084395401,0.063558775,0.5380667130000001
0.062607493,0.047189789,0.6050842839999999
0.082046732,0.068386474,0.626468392
-0.075330626,-0.05762602,0.6301728259999999
0.096316534,0.067513047,0.5971721269999999
0.145835907,-0.105089286,0.611259633
0.06175043,0.046173976,0.6057812220000001
-0.054959557,-0.044328755,0.628759603
0.097578536,0.079333651,0.523252818
0.124147817,0.094928614,0.529279109
0.044095195,0.034342388,0.5593655289999999
-0.06507044,0.048874775,0.566792959
0.030822059,0.022806904,0.630731586
-0.08788693,0.064044035,0.601986423
0.20037526,0.141710097,0.48732363100000003
0.162266207,0.128305951,0.5422403389999999
-0.060569278,0.046972845,0.6335743869999999
-0.026310906,-0.020110304,0.625339702
0.114395224,0.090443759,0.41124437499999994
-0.067238849,-0.051721158,0.6310157729999999
-0.046544615,-0.033204651,0.621199899
-0.052726121,-0.035713177,0.610064242
0.030575481,0.024203064,0.5813857870000001
0.090811791,0.067872147,0.608416405
0.05064732,-0.035948955,0.6375825159999999
-0.034086666,0.023386062,0.5954721599999999
-0.010718452,-0.008678903,0.6189390290000001
0.15773756,0.119935712,0.5843006850000001
-0.081568733,0.063253127,0.618432552
0.006922699,0.005588221,0.582779425
-0.007626104,-0.005396224,0.605089669
-0.026447274,-0.021347634,0.6167389560000001
0.112993308,0.081425292,0.496739636
-0.01293675,-0.008824021,0.6089097299999999
0.161523317,0.13173605,0.5121717990000001
-0.024811822,-0.017690143,0.638344679
0.143150152,0.105584009,0.43908659
0.137577951,0.104893624,0.46381349499999996
0.061560195,0.050799812,0.5267578980000001
0.088129822,0.062718159,0.6186773210000001
0.145290364,0.114203388,0.5910879229999999
0.068786105,0.050504203,0.6231311850000001
-0.064164755,-0.047084405,0.6099135739999999
-0.108134043,0.073580045,0.61433362
0.019998043,0.013421229,0.6282894990000001
-0.064625316,0.044446594,0.5407121669999999
0.047771451,0.040745477,0.5318317699999999
0.016508871,0.011792084,0.5687165729999999
-0.090119031,0.053018935,0.492149883
-0.036607688,0.023463545,0.6023610129999999
0.01370499,0.009764738,0.6323306790000001
0.015626012,-0.010246803,0.631227864
0.188545007,0.130472383,0.530550275
0.010392316,0.00745028,0.640323754
-0.038256864,0.026785121,0.6292375429999999
0.179010768,0.134587145,0.485568936
-0.056684622,0.038689571,0.5889886820000001
-0.067304583,0.049339238,0.5502562010000001
0.228848275,0.148313463,0.546477296
0.171766012,0.113051182,0.449042707
-0.014013059,0.009538011,0.613902848
0.076889071,0.059059354,0.5781813650000001
0.030908085,0.02405643,0.59576341
-0.06123573,0.045483801,0.619012576
0.021186226,0.016499023,0.5827508029999999
0.132606596,0.099790711,0.5327233140000001
0.04604177,0.037114457,0.615933844
0.131722998,0.099309308,0.5818328719999999
0.080042169,0.055080116,0.5527562690000001
-0.024665726,-0.018308569,0.640977806
-0.095770852,0.061433743,0.5427483019999999
0.179130172,0.118647053,0.537975731
-0.038782155,0.02743067,0.57020151
0.083563332,0.066637238,0.5934064059999999
0.109061074,0.075997355,0.39612265099999994
0.116070671,0.088599588,0.572942783
0.122168744,0.090909522,0.603585491
0.170614021,0.123252069,0.467409883
0.125054595,0.092483127,0.5671683110000001
0.057719285,0.042861733,0.6042826269999999
0.049481603,0.033790384,0.567566477
0.021910792,0.017232802,0.6220291440000001
-0.08195869,0.057160974,0.523030815
0.106512068,0.08386633,0.5316250309999999
-0.126275728,0.080579785,0.588265491
-0.022303564,-0.016689927,0.637389193
-0.018974488,-0.014473258,0.610480159
0.194394426,0.150693367,0.546965962
0.148880606,0.110662819,0.549196126
0.108262187,0.086939905,0.6001843279999999
0.022310926,0.016264655,0.620053841
-0.076520482,0.051569819,0.630924821
0.067186479,0.051835419,0.594772509
0.098125055,0.074093765,0.49791490499999996
0.112399212,0.086432221,0.602658207
0.01661483,-0.010327425,0.6010450780000001
0.147528261,0.091147385,0.472505594
-0.070855872,-0.0480828,0.623911203
0.057379233,0.040538806,0.574301803
0.014765401,0.010564672,0.578770147
0.206629738,0.141861866,0.5578686850000001
0.180467207,0.140221525,0.49545330400000004
0.114557936,0.084572101,0.566544471
0.070873951,0.048996978,0.565294146
0.114924804,0.080791873,0.5814204809999999
0.060489237,-0.043083734,0.6395879579999999
0.167366424,0.110254873,0.44574155499999996
-0.065571603,-0.049193876,0.620451785
0.102798496,0.073661463,0.44602470499999997
0.026107313,0.018558009,0.611110952
-0.07871144,0.051618635,0.5875143599999999
-0.126724414,0.080738323,0.6045968509999999
-0.118314955,0.076233243,0.614490878
0.014359597,0.009810243,0.6165289359999999
0.214612987,0.138223813,0.5361505149999999
-0.076000936,0.051296556,0.63235532
0.147896831,0.107645046,0.5502644830000001
0.09376301,0.071460745,0.6066014929999999
0.065510874,0.049877843,0.5192691039999999
-0.090551928,0.055336819,0.60989424
0.163514214,0.124377975,0.588326202
-0.020934166,-0.015401129,0.597706187
-0.064217076,-0.046757879,0.6182393749999999
-0.117669096,-0.073339436,0.612602452
0.139496257,0.107956449,0.495925189
0.128707103,0.08605277,0.48644426300000004
0.116704141,0.075027699,0.5520028539999999
0.184688716,0.13907537,0.557615888
-0.094418263,0.063708565,0.626562582
0.054644236,-0.039834257,0.6054255900000001
-0.016060429,-0.011236972,0.600717116
0.067106772,0.044274094,0.491309391
0.10834491,0.073141522,0.5626233359999999
0.122300993,0.089841614,0.550208241
0.105395386,0.081081806,0.609645666
0.07998108,0.055527704,0.587958118
0.090519703,0.070453385,0.6250567929999999
0.072947294,0.045711029,0.602351866
0.137104998,0.099762729,0.514593222
-0.056958167,-0.041835456,0.622000528
0.157771711,0.09473545,0.48870649399999994
0.105673059,0.074276148,0.469744617
0.085667701,0.054451694,0.619692031
0.026146839,0.019337442,0.57627486
-0.123133559,0.07715474,0.616250119
0.098442328,0.092850181,0.6179261149999999
-0.064329381,0.039716182,0.597107134
0.052567734,0.033723439,0.589661075
-0.005880446,-0.004224582,0.6374212880000001
0.08706973,0.060873744,0.496405715
0.10024547,-0.102513973,0.611282517
0.024860624,0.016338156,0.5982136789999999
0.152579332,0.115317823,0.5754352140000001
0.103654862,0.068495217,0.617945325
0.084295319,0.062705257,0.611325549
-0.049754869,0.030047011,0.5537185849999999
-0.027042379,0.017372743,0.6040093369999999
0.036007564,0.02590766,0.619447723
0.022818384,0.015281986,0.606773872
-0.117242077,0.078748279,0.6140971989999999
-0.017881938,0.011790372,0.6269577909999999
0.110630964,0.07117471,0.5663837329999999
-0.099415732,0.060735465,0.505431067
-0.067988922,0.042861549,0.59309422
-0.078502014,0.048816765,0.6176572650000001
0.087161872,0.059886963,0.6230997659999999
-0.022908603,0.01530578,0.579054811
0.110748868,0.080097299,0.43243176
-0.069760585,-0.048048074,0.611591035
-0.061926018,-0.042384494,0.62897761
-0.044944123,0.030860184,0.5378320919999999
0.144611813,0.105255129,0.59938162
0.206718275,0.137213474,0.476210517
0.142097177,0.092774254,0.576173883
0.131110107,0.084230677,0.5471466540000001
-0.059523955,-0.041213682,0.6222268740000001
0.062982768,0.046829469,0.6069895030000001
0.200957458,0.141919436,0.5547937199999999
-0.095651577,0.067299531,0.567510712
0.166673256,0.116217899,0.585765917
0.042796765,0.030662112,0.6254124409999999
-0.131612811,-0.099283509,0.6127408999999999
0.094877398,0.07085071,0.615491349
-0.042683621,0.030107926,0.5905639220000001
0.015741072,0.009186725,0.6164465509999999
0.17754379,0.129991731,0.508832731
0.018644136,-0.012240316,0.608233807
0.196358909,0.12671663,0.49766812
0.138823475,0.106949524,0.500135073
-0.070427969,0.045520093,0.612356721
0.187639116,0.123375246,0.5632300699999999
0.044403464,0.029197773,0.535925969
0.019645813,0.014961476,0.5652234679999999
-0.089396656,0.051688935,0.6287908440000001
0.066632525,0.049926935,0.5999980979999999
0.169065684,0.120935275,0.574094549
0.007493911,0.005582779,0.6365797310000001
-0.046749225,0.025310189,0.610054981
0.163954965,0.108839635,0.535815529
0.13954007,0.092873927,0.590244956
-0.021962337,-0.016750845,0.593458703
0.113413071,0.075464365,0.442861754
0.021147958,0.011789422,0.584467668
-0.050744905,0.029575994,0.5701277140000001
0.072660931,0.054128725,0.627830707
0.073983275,0.04728768,0.6138901649999999
-0.043573906,0.028608259,0.573531319
-0.065590047,0.044162339,0.6259603789999999
0.156602085,0.112015256,0.478516008
0.069827006,0.049147631,0.6299905809999999
-0.055112646,0.035208221,0.633537995
-0.091443759,0.046843001,0.61242795
0.022806734,0.016503786,0.6116523199999999
0.085094804,0.059158383,0.623926497
0.020346166,-0.014400864,0.6079320960000001
0.095627787,0.067648746,0.615160712
-0.066440214,-0.045819007,0.617537937
0.108826503,0.080206591,0.445727155
-0.033560663,-0.023333835,0.60881992
0.022662393,0.015614293,0.61810977
-0.041094397,-0.02794972,0.616741373
0.049894347,-0.030892973,0.607773661
0.191815399,0.127998459,0.5649866779999999
0.075386488,-0.047221131,0.6264371150000001
0.154406912,0.115684665,0.44851479499999997
-0.110753702,0.075538853,0.611524016
0.081218732,0.061600028,0.6188202839999999
-0.039137952,0.027565898,0.537198056
0.177629174,0.128686453,0.556377879
-0.012244048,-0.009135598,0.588622623
0.133648073,0.089536085,0.411487601
0.151431754,0.098455868,0.5838204570000001
0.166836869,0.112619219,0.5488974980000001
0.052556729,0.109258043,0.623374479
0.170459597,0.122513797,0.549895987
0.058989914,0.044365607,0.606079249
0.04363124,0.032166659,0.5592635880000001
0.021285601,-0.01509945,0.6434603919999999
0.174833506,0.104143298,0.5351492090000001
0.161916209,0.118290373,0.5644070729999999
0.105980796,0.068232893,0.46361191399999996
0.205337029,0.11891093,0.549733987
0.093264446,0.066214023,0.580682374
-0.065433981,-0.039818225,0.635919063
-0.061349251,0.041057487,0.588926632
0.160835452,0.108700299,0.554265113
0.172896173,0.125813602,0.452202591
-0.113239048,0.063199875,0.6029714070000001
-0.121403029,0.063961294,0.608332911
0.169620735,0.121699364,0.5724241269999999
0.040908859,0.026885776,0.5837220459999999
0.032450348,0.020019376,0.563903925
-0.022777026,0.013122753,0.6364812609999999
-0.081346609,0.049398957,0.611041956
-0.101378239,-0.067263354,0.614426855
0.009242989,0.006189898,0.643313934
0.120591884,0.081985792,0.5879677889999999
0.099474065,0.069219942,0.49706544999999996
-0.087053744,0.050881583,0.5789594929999999
-0.086760877,0.052536055,0.6151065229999999
0.22325727,0.136587379,0.5421277609999999
-0.110240848,0.070799811,0.6075341940000001
-0.079382704,0.046846665,0.560607463
0.113644898,0.077478359,0.426434586
-0.010663853,0.007118226,0.615280748
0.058996439,0.041160007,0.529424876
0.171739994,0.103117627,0.5440560990000001
-0.024811018,-0.015238191,0.619122723
-0.113778854,0.074021631,0.6201255910000001
0.162813394,0.107802525,0.572789107
0.025922187,0.01572358,0.568222408
0.165242682,0.122667429,0.5111113249999999
-0.053781348,0.031628627,0.6288664159999999
0.199496789,0.13763177,0.561760577
0.081811786,0.055000452,0.546361063
-0.124616446,0.079166398,0.6071217979999999
0.190209909,0.114286732,0.5266048050000001
0.054760029,0.036051167,0.616937566
0.149901415,0.092229092,0.42646808399999997
0.050013094,0.032996511,0.609017841
0.206494218,0.124801449,0.5024985929999999
0.17469914,0.127224204,0.483722912
-0.059078034,0.039716902,0.6275420110000001
0.038063722,0.027379707,0.5459275800000001
0.1386588,0.084071101,0.577643151
0.21522321,0.135253721,0.500714702
0.025576233,0.01666265,0.584575211
-0.11009653,0.069367217,0.61260205
-0.026463453,-0.017383432,0.6203884639999999
0.020167983,-0.013276687,0.6260414619999999
0.05361127,0.034907446,0.5957114480000001
0.104455447,0.068605414,0.604873094
0.068862024,-0.034944716,0.6063386989999999
-0.091927897,0.052762766,0.620216879
0.1074375,0.066972799,0.6019304809999999
-0.051965795,0.031249761,0.58816739
0.13378624,0.085765099,0.436071441
0.04199803,0.028440004,0.639163785
-0.101135132,0.062364639,0.572972727
-0.04913045,-0.033354475,0.61632307
-0.111036187,0.069855562,0.54246068
-0.037713135,0.022328602,0.609705985
0.062939434,0.040599189,0.617653749
-0.118675339,0.068280885,0.612549837
0.166578792,0.113905006,0.556553767
0.051526716,0.033592054,0.60908852
-0.044131367,-0.028847196,0.602185094
0.168097013,0.11067637,0.571206884
0.031217451,0.104429065,0.6276481030000001
0.07142043,0.045845961,0.5670925099999999
-0.078888105,0.049348396,0.629656065
0.164389568,0.104693632,0.5118257159999999
-0.038984172,0.025810523,0.5692107099999999
0.133617661,0.083066144,0.5821879409999999
-0.012837064,-0.0086833,0.5849602549999999
0.218482778,0.150756852,0.5321491869999999
-0.088523547,0.054518455,0.562645646
-0.04963573,-0.034586955,0.6054604269999999
-0.06219677,0.040772127,0.584529997
0.008930769,-0.005076536,0.6035834529999999
0.043050143,0.028964834,0.624953068
0.173962705,0.12221982,0.5608285179999999
-0.043244087,-0.027292527,0.6394702489999999
-0.014945219,-0.010036533,0.6196936
0.108513604,0.073854468,0.475973546
0.076748324,0.047662745,0.611867494
0.228108514,0.149409265,0.5284141579999999
0.071125229,0.045544655,0.617793906
0.139450511,0.093121427,0.5900227309999999
-0.101018146,0.067985978,0.6089179709999999
0.120004022,0.085731491,0.592102788
0.184510666,0.123257453,0.5629305010000001
0.015371964,0.01025708,0.596646427
0.060785204,-0.036431404,0.6108458830000001
0.095139128,0.058296433,0.531098407
0.20113506,0.120443313,0.5699379039999999
0.024288106,0.015383822,0.624581128
-0.087806197,0.056622416,0.598461986
0.113748485,0.071306054,0.43983247
0.170702579,0.108717675,0.45613033799999997
-0.051871145,0.032058664,0.5405163040000001
0.041401705,-0.027738863,0.6174162009999999
0.215170993,0.132192981,0.493808423
0.075201594,0.040946977,0.5861976899999999
0.032012765,0.02106476,0.595959248
0.162806626,0.102734706,0.465472246
0.040305473,0.026927223,0.58886043
-0.043618815,0.026787941,0.6161180689999999
0.237585562,0.134006261,0.521947363
-0.060192372,0.038764568,0.593513446
0.133694693,0.082580652,0.5962376309999999
-0.092239059,0.060759233,0.6038144459999999
0.226061212,0.137775461,0.493035497
-0.077612061,0.044287195,0.5195028719999999
-0.11923873,0.067183875,0.615602005
-0.011885842,0.007518839,0.6361799859999999
0.108907436,0.071369912,0.5765305890000001
0.007265228,0.004543516,0.5944517819999999
0.078790009,0.055368113,0.6302889819999999
-0.01211582,-0.007412667,0.618902968
-0.053292511,0.033912197,0.6279733999999999
0.172239764,0.093045919,0.584772058
0.152905754,0.105538889,0.568960694
0.125976447,0.08822095,0.610634836
-0.034198645,-0.022656746,0.607675569
-0.052027673,-0.031819446,0.6286890489999999
0.146992747,0.102322478,0.460599563
0.089330235,0.061822601,0.46939203599999996
0.157898718,0.103461997,0.41638624399999996
-0.06726242,0.036193507,0.635023391
-0.100481793,0.044892774,0.602238287
0.199971896,0.10955947,0.569333855
0.143417578,0.101271249,0.515182609
-0.104767576,0.067929704,0.5795565579999999
0.143036194,0.083024028,0.5983181769999999
0.132854293,0.087912609,0.572537337
-0.093495816,0.051552755,0.5979184790000001
0.072355926,0.048002144,0.6053479559999999
0.155354971,0.103727243,0.580763814
0.154400345,0.100912623,0.41556507000000004
0.069591246,0.048409861,0.628624992
-0.0706251,-0.044651709,0.627598364
-0.052637604,0.031433253,0.549296682
-0.094941717,0.052344326,0.628404196
0.060219197,0.03744882,0.558273641
0.05458861,0.036973061,0.5291860930000001
0.228869227,0.136040149,0.489919108
0.071092595,0.047612803,0.604490574
-0.100272945,0.058564319,0.5911066329999999
0.025599548,0.017095774,0.581769207
0.014835778,0.008195989,0.5990693300000001
0.161222379,0.109672414,0.43574965000000004
0.17318865,0.114395321,0.567461953
-0.074803154,0.046672185,0.55889368
-0.122406851,0.066788246,0.616064605
0.125639536,0.07784694,0.6109681359999999
0.071784046,0.042229546,0.5521731539999999
0.133945424,0.090813221,0.60698253
0.203998022,0.127642453,0.5240321539999999
0.110859383,0.066529759,0.565641123
-0.025124472,-0.014879684,0.6407631330000001
0.09688766,0.064697761,0.5227501370000001
-0.022725256,0.014095322,0.6224088670000001
0.027535547,0.019470261,0.6181942469999999
0.185384147,0.108204587,0.5857661999999999
-0.039096333,-0.025583166,0.6007956590000001
-0.012240057,0.007295497,0.6216649780000001
0.181813906,0.098981369,0.505732488
0.07734238,0.047085976,0.616194116
-0.126028982,0.070569658,0.582884647
0.081788522,0.046594487,0.6145650730000001
0.003079209,-0.153311816,0.609277063
0.218496688,0.121923052,0.539135293
-0.035614997,-0.023239933,0.636393247
-0.035582311,0.020783072,0.607991291
0.143795027,0.097712173,0.5410749669999999
0.146377853,0.08765079,0.575259948
0.204368188,0.135573025,0.509068877
0.15995605,0.082062335,0.5247527110000001
-0.033206648,-0.020038805,0.630415663
0.074734155,0.040899653,0.628822532
0.099003651,0.06139582,0.526087532
-0.077476221,0.049488197,0.6318112680000001
0.068263892,0.0423942,0.5955355250000001
-0.064601979,0.032393637,0.598821705
-0.006334827,-0.00421374,0.609999288
0.14609713,0.098287332,0.5856986179999999
0.186820019,0.106537116,0.5757230040000001
-0.059124318,0.034746777,0.6039739500000001
-0.054821631,-0.031404333,0.6200519
-0.085277835,0.05296093,0.615460371
0.058128239,0.040103911,0.591208452
-0.150429507,-0.099038899,0.611072045
0.010729822,-0.006799468,0.6348796729999999
0.09939034,0.065912106,0.5287146249999999
0.074992298,0.043347678,0.5594878489999999
0.17187153,0.113920364,0.554849192
0.161770784,0.102386199,0.40818057199999996
0.186446791,0.126127978,0.488228536
-0.061175707,0.036698012,0.618624224
0.164657706,0.108520267,0.5090448379999999
0.190160999,0.11371242,0.582047218
0.020592668,0.012183836,0.6300347369999999
-0.081371148,-0.053630845,0.6334094029999999
0.02437097,-0.013245075,0.638186205
0.087068851,0.054863368,0.5986622589999999
0.095122311,0.055991745,0.5609169789999999
-0.091823097,0.047655162,0.5740745759999999
-0.09387087,-0.054294344,0.624939336
-0.103677966,0.051582014,0.592867706
-0.113360775,0.068601779,0.5898514850000001
0.060580485,0.035757857,0.5779748149999999
-0.093026934,0.054302469,0.560080186
-0.080026119,0.048336558,0.6163286079999999
-0.022203715,0.012436945,0.558537906
-0.097056682,-0.055603235,0.614664477
0.137346964,0.075581753,0.46057249799999994
0.224966591,0.122198593,0.464268206
0.197884998,0.130280897,0.570105071
0.010475102,0.006848969,0.5852226309999999
0.115370171,0.07057509,0.49012465599999994
0.122956907,0.076956737,0.6070091879999999
0.138920959,0.087820573,0.5799976490000001
-0.11019548,0.061529578,0.5983868880000001
0.18622665,0.112779278,0.560311105
0.018764435,0.011443951,0.626687738
0.112295786,0.064978245,0.6192810849999999
-0.112247867,0.069235029,0.57610804
0.246482418,0.143162608,0.529314917
0.080145729,0.044602778,0.5677404770000001
-0.064390976,-0.036819492,0.623843202
0.077816189,0.049120159,0.585407062
0.031580908,0.021113714,0.6336603510000001
0.158800773,0.090729712,0.5992085869999999
0.037955543,-0.023489843,0.614385932
0.137905311,0.093208108,0.497976119
-0.04745051,-0.029482421,0.640619391
-0.110551256,0.05521616,0.6194700799999999
0.133897812,0.087806453,0.609947303
0.167022252,0.092933368,0.47311572399999996
-0.018838999,-0.012828057,0.6100328669999999
-0.100696812,0.053310719,0.587069326
0.035097489,-0.021968494,0.6333098530000001
-0.101235462,-0.067168997,0.6256970390000001
-0.11826481,0.069452629,0.5814097380000001
-0.065474001,0.036793727,0.5638551199999999
0.075499717,0.051443527,0.609191547
0.092667922,0.06042067,0.6121968369999999
-0.087202,0.050946106,0.609888016
0.013651605,0.007697052,0.598954537
-0.082885953,-0.054613303,0.6254456239999999
0.08891554,0.058931639,0.46437623499999997
0.119857333,0.079162947,0.46566668799999994
0.035141499,0.022736652,0.6013980990000001
0.123418749,0.077300443,0.5773263790000001
-0.021919178,0.010949191,0.5726105989999999
-0.028713318,0.015755471,0.6066870820000001
0.069864046,-0.113993521,0.6174992770000001
-0.062596088,0.031169481,0.6016977290000001
-0.124479456,0.065079722,0.5932409590000001
0.21242162,0.115243065,0.548000729
-0.102811116,0.063549028,0.49395471900000004
0.097094302,0.050090686,0.597472955
-0.108484859,0.057525468,0.6195425670000001
0.060507272,0.035541403,0.601661834
-0.117011239,-0.074075487,0.6230845329999999
-0.05785854,0.032646438,0.608964826
-0.08238174,0.050362527,0.6217756839999999
0.065727531,-0.036099444,0.625980303
-0.012042452,-0.007999403,0.6230374270000001
-0.043153423,0.025189013,0.579039468
0.104484258,0.063412417,0.389121522
-0.111752426,0.047334089,0.5923121179999999
-0.115895075,0.06338331,0.614808494
0.066170259,0.039839084,0.5950813989999999
0.125820063,0.080546341,0.49370742399999995
0.234822711,0.13531011,0.526264177
0.108772615,0.065413225,0.603952263
0.165494836,0.094854082,0.567120692
0.253122856,0.115329658,0.499426831
0.207471158,0.132692167,0.537456366
-0.049394654,0.030039234,0.592306226
-0.102062283,0.055444845,0.511392418
0.14745394,0.081204848,0.422120565
0.091763999,0.051193875,0.5826701700000001
0.233230178,0.135704231,0.5415653679999999
-0.074225841,0.042503426,0.6202271129999999
0.180450301,0.098334708,0.44618075799999996
-0.074093093,0.040189852,0.592420468
0.039482076,0.02620415,0.611320496
0.126841815,0.073791977,0.5991549730000001
0.123996164,0.080808582,0.39129854999999997
-0.044356461,0.025683115,0.6014956659999999
0.10991186,0.058599409,0.59201539
0.172861122,0.113061519,0.580644275
0.167150922,0.098361285,0.535044163
-0.022931919,0.013670813,0.567351581
0.070818989,0.04475514,0.6210572350000001
-0.037399879,0.016759152,0.569326904
-0.045715379,-0.026969061,0.6110860410000001
-0.064575536,0.035103298,0.627698898
0.004456625,0.002406968,0.620300254
0.148949211,0.090909272,0.43666439500000004
-0.015410979,-0.010132567,0.5975556660000001
-0.057153171,0.035427239,0.6276699480000001
0.174752464,0.105216073,0.45677214799999993
0.111562145,0.068660476,0.608366095
0.183544522,0.102251131,0.574066113
0.047283583,0.030328091,0.612373185
-0.10310286,0.054393989,0.5959494329999999
0.025617387,0.016001769,0.6132954319999999
-0.022178293,0.011757698,0.5856577329999999
-0.073813654,0.041022046,0.534020253
-0.019249904,0.010535453,0.5789173539999999
0.102610473,0.060665919,0.457015558
0.153534695,0.098257752,0.561403568
0.038392536,-0.018831436,0.6235731149999999
0.119487279,0.072569448,0.508145278
0.092191724,0.05829982,0.5722322209999999
-0.031502123,-0.020508579,0.6401953229999999
0.105056502,0.054236659,0.591530339
0.101486627,0.061565966,0.471226576
-0.101562506,0.044815826,0.6272139029999999
-0.105175731,0.053294788,0.563635447
0.119467353,0.077430862,0.5046421000000001
-0.085282839,0.048798659,0.5860060709999999
0.100986259,0.063244075,0.6095238519999999
0.025464699,0.016096296,0.564148721
0.103556572,0.06183545,0.492489185
0.022463194,-0.012417626,0.5947970920000001
0.020629254,0.012536007,0.6018146229999999
-0.013024296,0.00770152,0.6420939029999999
-0.089685948,0.047698935,0.6148455310000001
0.095892928,0.063696006,0.6279505350000001
0.083044899,0.051724225,0.46301281499999997
-0.059947259,0.034732025,0.525848074
0.114849405,0.06534503,0.581805358
0.158781261,0.083656116,0.57774645
-0.131516577,0.046546167,0.612698985
0.135839934,0.074996333,0.5180899080000001
-0.098954303,0.051827942,0.61587729
0.214140663,0.134176557,0.5268300530000001
-0.059835018,0.031728461,0.604137873
0.142589405,0.081469936,0.5452020989999999
-0.095642192,0.055101916,0.602458165
0.01192766,0.007582355,0.6084187649999999
0.149409767,0.080758759,0.5256495109999999
-0.079104065,-0.044057147,0.619397464
-0.099944178,0.053241855,0.5328554160000001
0.053534181,0.031817281,0.576305778
-0.048721837,0.024129379,0.617808988
-0.079779278,0.039001381,0.6298489970000001
-0.075641745,-0.044392745,0.6369548190000001
-0.086159154,0.045774039,0.492356159
-0.042993644,0.018542158,0.6262844249999999
0.061951658,0.035011083,0.566140861
-0.07717296,0.039927123,0.597031724
0.071856526,-0.033649001,0.609851594
0.009747168,0.006092034,0.6072990549999999
-0.126795022,0.057501879,0.614346058
-0.060703622,0.027726851,0.6192707769999999
-0.090731892,0.05128993,0.614369844
0.194103246,0.120168209,0.46561181999999995
0.145567949,0.086816526,0.47319562200000004
0.121275571,0.070083407,0.452733557
0.039273817,-0.017683702,0.6314177459999999
-0.066866617,0.034458606,0.504912107
-0.113556365,0.061303579,0.5476120849999999
0.225090984,0.135853414,0.546019918
-0.083294194,0.047169692,0.6235075830000001
0.05808598,0.036291406,0.6099263479999999
-0.147993965,-0.089433003,0.614064712
0.144377068,0.084485347,0.595510867
0.165933041,0.099072514,0.553464991
-0.027956494,0.014525486,0.6312236760000001
0.050306241,-0.027894241,0.623025188
-0.082412846,0.043922037,0.580663489
-0.118490906,0.063828299,0.6065538530000001
0.235151921,0.14059357,0.544500236
0.22663012,0.116470958,0.5531902900000001
0.148438217,0.086633726,0.602001317
0.15400618,0.086426289,0.567889399
0.098518317,0.057800734,0.5305427949999999
0.089901242,0.050217577,0.605809797
-0.062748961,0.031223276,0.621563887
0.10675046,0.058991806,0.520531584
0.229239292,0.113337928,0.5563754539999999
0.116849953,0.065023224,0.471098188
0.014440302,0.006950847,0.6172235180000001
0.082519887,0.04617834,0.632425982
0.101151143,0.055902172,0.6096539910000001
0.170669641,0.103454355,0.5683437769999999
0.045797412,0.025876982,0.5589003530000001
0.069787417,0.036957658,0.630927732
-0.082469517,-0.050136474,0.6285780780000001
-0.043260343,0.023837189,0.580400169
-0.063811938,0.032981348,0.627462782
0.037888654,-0.099893987,0.629870871
-0.088533141,0.049531926,0.6309104489999999
0.111323678,0.058273148,0.6164528979999999
0.071919774,-0.042312493,0.638206796
0.13945682,0.081308627,0.592847243
0.170454131,0.105163135,0.5073552889999999
0.176575645,0.087498717,0.5680077109999999
-0.063356298,0.028560912,0.525795352
0.017808491,0.009769047,0.597979941
0.20548333,0.12004203,0.544915941
0.048592166,0.025411818,0.6291663110000001
0.166567325,0.094049567,0.589005277
0.014390018,-0.008007973,0.6227865079999999
0.010046557,0.005766252,0.5844642069999999
0.176226176,0.084690748,0.4707054
0.056738244,0.031216546,0.57857745
-0.100075326,0.043803141,0.5269741619999999
-0.094904251,0.050860545,0.617000467
-0.063725553,-0.035284463,0.614307264
0.136679411,0.076393217,0.589979383
0.173397034,0.082630432,0.5815829589999999
0.041196579,0.02568106,0.579037289
0.158213065,0.093786173,0.5999663900000001
-0.061501657,0.034974087,0.6100760169999999
0.085190893,0.043083621,0.610326903
0.083550755,0.038427006,0.6193810129999999
-0.028967503,0.015279702,0.5788364559999999
0.176908085,0.11013617,0.48193868199999995
-0.107882239,0.052209625,0.610766344
-0.041942135,-0.022401484,0.6289708199999999
-0.081900523,-0.048920697,0.629741508
0.095407575,0.054669719,0.61710178
0.090079224,0.045346112,0.5650313
0.17201701,0.104590729,0.550307187
-0.049591039,-0.028679805,0.614704575
-0.100331562,0.04902215,0.55900434
0.156648937,-0.084300484,0.6058930629999999
0.089714133,0.053313293,0.6093858670000001
-0.032098579,-0.020109397,0.597228007
0.167639946,0.09139825,0.498880233
0.042180368,0.025834008,0.561804086
0.186338593,0.10753093,0.5333839089999999
-0.037808796,-0.019991536,0.6081974619999999
0.109961624,0.062048801,0.592350581
0.147768968,0.085851675,0.48435792799999994
0.089479893,0.045236836,0.524137211
0.068244529,-0.036138857,0.638523881
0.102660149,0.05706279,0.512967484
-0.072920554,-0.039069202,0.628974438
0.030336058,-0.015482687,0.6366265149999999
0.013807983,0.006658097,0.6142372810000001
0.11938959,0.062114737,0.5832031689999999
0.209609594,0.113821,0.513490491
-0.111142913,0.058504187,0.6187319819999999
-0.038493668,-0.022937695,0.6133467239999999
-0.094552056,-0.05389506,0.6157760910000001
0.142261922,0.07441299,0.605286156
-0.016298147,-0.007151629,0.6433408730000001
0.134775126,0.070634621,0.418982546
-0.10351579,0.053274752,0.6035476820000001
0.150805536,0.084349915,0.48614837799999994
-0.091398425,0.037705241,0.572458321
-0.084983334,0.045698161,0.5915892380000001
-0.053827011,0.030134128,0.534289754
0.200038126,0.08735472,0.45885725699999996
0.172515215,0.091446977,0.44997788599999994
-0.01784091,-0.008178399,0.635031721
0.161263597,0.090423573,0.485461895
0.108061536,0.064277203,0.5499517650000001
0.090298729,0.05362378,0.6207549699999999
0.164285403,0.09341693,0.5291242190000001
-0.079073741,0.041823567,0.5293476180000001
-0.056583155,-0.029961669,0.6207723460000001
-0.068690783,0.037674863,0.604687757
-0.096862642,0.053809609,0.612771959
-0.077564868,0.039567068,0.614945066
-0.001583392,0.101074553,0.630198987
-0.007270166,0.003970598,0.642632034
0.169021776,0.09334437,0.586873422
-0.019018237,0.010075154,0.62860129
0.136995041,0.079878843,0.5089732819999999
0.191402078,0.108884119,0.458981724
0.127148126,0.076270053,0.45134434100000004
-0.057077971,-0.026409884,0.616914883
-0.031445759,0.016628934,0.5809542560000001
0.029826351,0.017399091,0.627785488
0.020718308,0.126479445,0.6191231719999999
0.033737986,0.019631882,0.6062084940000001
0.047972283,-0.021344684,0.640177035
0.217890726,0.097705411,0.5605411899999999
0.056518049,0.087180367,0.630679389
0.160121597,0.089453833,0.476012468
-0.085648463,0.045866923,0.5967393160000001
0.08114389,-0.110423663,0.6140580200000001
0.129332729,0.071273577,0.606043482
-0.018388446,-0.010743937,0.6098452990000001
0.14846058,0.072197698,0.609804861
-0.06077609,0.025597948,0.54283273
0.186359593,0.100729538,0.557416991
0.069449281,0.039140937,0.620057732
0.140031343,0.074154289,0.593011696
-0.017456773,-0.009213244,0.5970218650000001
0.020142832,0.011384235,0.6152398130000001
-0.095679957,0.049885174,0.626728768
0.236666679,0.117063419,0.5231671950000001
-0.021857992,-0.012238565,0.5909542329999999
-0.082576014,0.044789609,0.5620196980000001
0.091900268,0.049661018,0.5950360239999999
0.182957415,0.09759195,0.5486412059999999
0.153709598,0.088546753,0.602643888
0.027080814,0.014172358,0.6277629330000001
0.145089271,0.07369887,0.479736279
0.025902519,-0.012307533,0.59737605
-0.136943267,-0.072412776,0.6157105059999999
0.088278034,0.04440882,0.5459773370000001
0.09321631,0.046724,0.624828277
0.040950449,0.020344328,0.640980922
0.110936304,0.058707262,0.450981809
-0.07513311,0.031359684,0.62538179
0.111290207,0.065032131,0.427963072
-0.082714873,-0.043838537,0.625503529
0.038759667,0.02065266,0.582408869
-0.059898889,0.032267855,0.6060327130000001
-0.059947112,0.028746154,0.6208070450000001
0.179012487,0.079992568,0.5855211549999999
0.047439472,-0.024373851,0.6068367109999999
0.217558637,0.112276601,0.5174206969999999
-0.104104017,0.056179283,0.58522242
0.076834971,0.070496519,0.631339292
0.038033792,0.021049489,0.6132771370000001
0.088765037,0.043975851,0.548289088
0.059174122,0.034445383,0.608706803
0.044929235,0.023478531,0.5549343339999999
0.118939591,0.063060371,0.46340143799999994
0.209475352,0.106439877,0.5723237919999999
0.029469487,0.016324727,0.6207080380000001
0.176385769,0.074973239,0.570570587
0.047866609,0.025350661,0.621396785
0.126845449,0.067682798,0.491880316
-0.064713129,0.032789171,0.5591404010000001
0.202572813,0.106072908,0.532149998
-0.018894718,-0.009037546,0.6409180489999999
0.020572856,0.010509444,0.586819537
0.159350246,0.081593676,0.5084131080000001
0.095623199,0.05578365,0.5805856060000001
0.154391387,0.075676895,0.596293526
-0.049902167,0.026426084,0.5697932429999999
0.217954511,0.116912291,0.5079814039999999
0.073780277,0.029189414,0.598970191
-0.061834785,0.029594194,0.6233523990000001
0.204794683,0.1159159,0.547993856
0.15147428,0.087331155,0.5765590309999999
0.061619669,0.034566093,0.6036869460000001
-0.099801182,0.047258728,0.617520055
-0.067165205,-0.034851089,0.6176965940000001
0.08210643,0.042985015,0.572062354
0.092622623,0.045945333,0.5363851070000001
0.034628295,-0.014634854,0.6430410259999999
-0.019797315,-0.009257851,0.615750424
0.189623969,0.092572645,0.5380298349999999
0.166045351,0.085515724,0.57921183
0.124526336,0.056538205,0.590558272
0.150471365,0.071389099,0.5805410339999999
0.137648765,0.066459834,0.42452920199999994
-0.041831705,-0.021756332,0.601296614
0.121114232,0.062143981,0.616810158
-0.110054109,0.052765065,0.616026478
0.136482233,0.072579844,0.49060240399999994
0.139333184,0.074455085,0.506654194
-0.072174672,-0.037924102,0.635205703
0.088668309,0.043403569,0.5807467850000001
0.178472748,0.09148893,0.5550200000000001
-0.04342224,0.021306833,0.640145202
0.158745197,0.077651647,0.564939284
0.127447748,0.0681089,0.592682516
0.169391171,0.085928153,0.538895514
0.091759907,0.040711777,0.6288510949999999
0.06484118,0.030936857,0.6110540469999999
0.048428939,0.023745016,0.5736139739999999
0.153091393,0.069362404,0.5802403119999999
-0.068085987,-0.036627709,0.6380334809999999
0.107375097,0.051667492,0.5379029230000001
0.211426318,0.106342304,0.483939948
0.048242199,0.023567141,0.5983849720000001
-0.004227464,-0.002360305,0.588846862
-0.074152952,0.033202045,0.5303468950000001
0.022151867,-0.010554863,0.6278667609999999
0.201275279,0.103023861,0.565290697
0.030056714,-0.013013327,0.6217319859999999
0.208521682,0.115036259,0.5617825030000001
0.142175715,0.073607087,0.582248128
0.155242349,0.072454396,0.5842839120000001
-0.081714911,0.035314655,0.6066332269999999
-0.022197182,-0.01122702,0.621732755
0.126617763,0.057181498,0.601819415
0.017414085,-0.008809546,0.6296590289999999
-0.036948344,-0.019168818,0.642724206
0.053566991,0.024247224,0.5993439709999999
0.224282701,0.094845853,0.5406141149999999
-0.095617975,0.04476339,0.61820713
-0.037456021,0.014468211,0.6149536760000001
-0.053255259,0.019679885,0.594152926
0.211028003,0.108600115,0.55508717
0.0644473,0.033596936,0.627665626
-0.024527903,-0.011394122,0.6168165779999999
0.125569309,0.061378358,0.597427803
-0.087892533,0.032738554,0.60971157
-0.066442266,-0.030435969,0.6268166399999999
0.114017475,0.062007499,0.44561577599999996
0.13443099,0.06728297,0.42935423300000003
0.053818201,0.024490373,0.551884405
0.11187618,0.057974624,0.5979178789999999
0.162562942,0.082079078,0.5125554320000001
0.228329657,0.106115665,0.543500241
0.180704405,0.086418332,0.539624678
0.1286052,0.070470392,0.5235999360000001
-0.102164853,0.043408548,0.597799438
-0.020521804,-0.010168323,0.5985087600000001
-0.002928291,-0.00141554,0.640392318
0.091062737,0.048992519,0.5516588929999999
0.201204691,0.08829331,0.5541689000000001
0.003397632,0.00175737,0.6420093250000001
-0.027960315,-0.012812455,0.6235939289999999
-0.047113439,-0.025649428,0.6414877889999999
0.093599781,0.04608556,0.499979668
-0.019105712,0.009064238,0.630572492
-0.090082242,0.041579833,0.604903676
-0.108633403,0.04154837,0.582510702
0.086941595,0.042106585,0.594960009
0.1248264,-0.049335692,0.627179618
0.022010413,0.011056752,0.5948411819999999
0.192929051,0.09493811,0.5502412429999999
0.220893817,0.113812443,0.537299803
-0.045301844,0.017148301,0.576717355
-0.059839486,0.029707761,0.607233221
0.072060646,0.037042506,0.627715539
0.189087506,0.104303972,0.552863906
-0.05931507,-0.032089092,0.613437861
0.181824531,0.088526287,0.582636524
0.074363726,0.037004041,0.6256956
0.025560799,0.01270208,0.6304422350000001
-0.082399857,0.037789403,0.6093893239999999
0.190349419,0.08610791,0.575117291
-0.070938143,-0.035216919,0.6280823849999999
0.177156486,0.08629268,0.57280194
0.127022286,0.052786143,0.460899295
0.09727937,0.047135353,0.624183752
-0.053210518,0.020203295,0.62170112
0.104857466,0.054502645,0.590245001
0.107740508,0.056432001,0.6139259479999999
0.098825059,0.040236397,0.591269321
-0.004187387,-0.002150273,0.6325939469999999
0.112208453,0.056430845,0.566047237
0.081708381,0.039437446,0.591287111
-0.096800726,-0.042021147,0.618283047
0.124723689,0.056836672,0.437793229
-0.070488179,0.030450269,0.616742334
-0.06549885,0.029558742,0.608863065
0.031348966,0.015662331,0.600033163
-0.098034194,0.041409811,0.6169238159999999
0.210317322,0.109966576,0.561558067
0.093793666,0.035808455,0.62668646
0.149042972,0.063422223,0.587089891
0.120316606,0.059884147,0.5379529759999999
0.163060898,0.07503009,0.555179877
-0.096542731,0.042470554,0.5904491380000001
0.142617208,0.074046621,0.45745310499999997
-0.043260419,0.019337326,0.5725619390000001
0.093726631,0.049286245,0.5092923540000001
0.165853266,0.082172379,0.5250955639999999
-0.073509219,0.034481504,0.5948760959999999
-0.009695721,-0.005265658,0.611874391
0.063395875,0.03241124,0.5419811109999999
-0.012831906,-0.006730906,0.6051097459999999
0.018716363,0.008679236,0.5858207040000001
0.108341625,0.053480444,0.450437829
0.199514307,0.083715527,0.497559275
0.076987516,0.039693175,0.6243420820000001
0.085765159,0.040950284,0.5069214310000001
0.169011029,0.086943908,0.565144646
0.146125236,0.061354929,0.5664226459999999
-0.092084317,0.038072748,0.609339638
0.13208403,0.068901806,0.560529726
0.036043894,0.113761561,0.62424496
-0.080251762,0.033067362,0.5688992079999999
-0.084376309,0.041262493,0.605701077
0.100019656,0.046551783,0.6139927729999999
0.138235976,0.071259008,0.45866185
0.165616823,0.081696596,0.549538723
0.145456121,0.060991912,0.605862057
-0.111464464,-0.052915328,0.6168166909999999
-0.088024807,-0.041176016,0.619727444
0.061143859,0.026951127,0.588842453
0.16983277,0.076268106,0.5831098050000001
0.222759915,0.104163441,0.5226420860000001
0.123997805,0.059665119,0.420645244
-0.08861151,0.040002151,0.573197977
-0.021547472,-0.011087293,0.616718104
-0.028973301,-0.014683426,0.5951164840000001
0.116529114,0.048068408,0.48576780999999997
0.221516601,0.108521708,0.54309823
-0.090535693,0.041289097,0.5501527159999999
-0.075326607,0.035410749,0.514357857
-0.063895078,0.028428199,0.5722411409999999
-0.036760151,0.012480459,0.619570162
0.076244695,0.041063852,0.52170855
0.031374264,-0.015278768,0.622496835
0.040800065,0.084912878,0.6335869190000001
0.080533823,0.033560432,0.616086726
0.029183762,0.013478999,0.6294853469999999
-0.020998075,0.008622727,0.6277779569999999
-0.067373934,-0.03351314,0.61526747
-0.02263162,0.010340183,0.5858886699999999
0.09742088,0.049949395,0.6149670549999999
0.199561,0.100584981,0.562313488
0.230359522,0.092404338,0.5647106019999999
0.225273494,0.117901109,0.5601163469999999
0.039876945,0.019598115,0.626187968
0.003328822,-0.001580851,0.6133916159999999
0.137565365,0.059609301,0.5629644309999999
0.100711192,0.0883586,0.619555726
-0.01921918,-0.008421752,0.6166391309999999
0.095692767,0.042988009,0.48626123299999996
0.167708888,0.070977503,0.514643229
0.162941783,0.083777073,0.487219182
-0.025679439,-0.01194558,0.618800518
-0.053556849,0.020600587,0.5963794899999999
-0.025218385,0.010508416,0.588487559
0.200457394,0.099745817,0.5639426599999999
-0.054147706,-0.02441316,0.61446405
-0.017756418,0.008103221,0.564307734
0.120745568,0.058865995,0.606157286
0.163714594,0.079666779,0.453838448
0.061146194,0.096397562,0.627282736
0.06105797,0.031588207,0.5212136620000001
0.0923742,0.047026341,0.574049086
-0.049541875,0.0220119,0.547777623
0.190434029,0.086768,0.5132884849999999
-0.084051352,0.038214372,0.5931849760000001
0.225991019,0.11147517,0.557688245
0.137219742,0.055397467,0.59386546
0.053407792,0.024159079,0.599271404
-0.092956628,-0.047740011,0.632675442
-0.017955288,0.008277207,0.628064169
-0.033484083,0.015222368,0.614449531
0.050444607,0.024327634,0.546774965
0.0888022,0.04196104,0.5255749620000001
-0.082735947,0.032747431,0.6046336619999999
-0.024429326,-0.00981357,0.6072059750000001
-0.075890445,-0.033178542,0.632366722
-0.008265048,-0.003852946,0.6248549050000001
-0.077944044,-0.038771824,0.6344257739999999
-0.048110029,-0.118009405,0.619531303
0.09773212,0.05129996,0.48187725200000003
0.016850993,0.007447994,0.635176097
0.086361823,0.036871915,0.48371455599999996
0.090377285,0.043274636,0.6120481470000001
-0.015504784,-0.007076956,0.614759372
-0.053580681,0.023506628,0.5735191909999999
0.068280519,0.033315843,0.633819699
-0.008038174,-0.00379796,0.612668515
-0.076733468,0.02491302,0.542432485
0.131737133,0.059355126,0.5693875260000001
-0.073783162,0.030019813,0.5710844580000001
0.040475163,0.017560528,0.567062411
0.100825988,0.043780522,0.551249358
0.051461729,0.022638696,0.633120412
0.090885271,0.045267064,0.5860207550000001
-0.075207824,-0.034552053,0.6132296660000001
0.190102999,0.083770409,0.47369473599999995
0.11331127,0.055897822,0.607182831
0.044425127,0.019920214,0.5711308079999999
-0.083144514,0.031060549,0.6054248369999999
0.117196704,0.058897727,0.48400188699999996
0.013592011,0.005047214,0.588683871
-0.026457038,0.111578522,0.625118327
0.110045799,0.048228355,0.581820475
-0.038423385,0.016384943,0.616281912
0.037886092,0.018124567,0.56803863
-0.081891281,0.037139032,0.606538536
0.1321267,0.061858777,0.5151229609999999
0.130622835,0.06363693,0.597234807
0.118865263,0.054127167,0.6080793449999999
-0.078460486,-0.033068935,0.610977372
-0.079754551,0.031560975,0.590097233
-0.057023082,0.022032322,0.6338905189999999
0.013584792,0.006499019,0.574028679
0.165834523,0.073261082,0.461242679
0.056183917,0.026152121,0.5402694619999999
0.147760463,0.063449866,0.5076156709999999
-0.083787876,0.034165576,0.603277469
0.20555875,0.094638551,0.556553233
0.15798466,0.069073359,0.59590788
-0.073978372,0.028277812,0.6355836079999999
0.142508964,0.062279349,0.611836415
0.112327281,0.046959917,0.446545369
0.138746312,0.06456084,0.6123855709999999
-0.013269983,0.005620314,0.5925526590000001
-0.069492276,0.023980826,0.5927894389999999
-0.020126961,0.007264946,0.5878033920000001
-0.085100025,0.039512612,0.6073008390000001
0.155052214,0.070517922,0.599332934
0.126735939,0.056929059,0.513623012
0.07265173,0.03302003,0.5409188410000001
0.225083478,0.098197424,0.545193576
-0.088447939,-0.037935115,0.6189431599999999
0.093664118,0.045154572,0.506502204
-0.050557481,-0.022328605,0.6082862330000001
-0.037933013,-0.017145298,0.6131482690000001
0.20408742,0.086428241,0.523064561
0.119640066,0.050245757,0.481179968
0.20422637,0.076254268,0.528478139
0.142946936,0.06583626,0.578430821
0.206618607,0.098830877,0.573399894
0.152790788,0.069891612,0.5878853369999999
-0.015249886,-0.007183303,0.5969785999999999
-0.082110773,-0.040582492,0.610519641
0.189449783,0.090520811,0.492484581
-0.029427541,-0.01273707,0.624083414
-0.052723359,-0.0227036,0.6114969020000001
-0.038783526,-0.017768323,0.624727976
-0.080401639,0.034056465,0.609924071
0.118391925,0.054437943,0.45581575199999996
-0.050560874,0.021782004,0.611487205
-0.073933632,0.028303426,0.598084287
-0.074691742,0.029677109,0.627259781
-0.105868552,-0.043559181,0.6232987240000001
-0.04256121,-0.01990877,0.618817272
0.19459854,0.078528353,0.5810231239999999
-0.061508767,-0.026833811,0.633629722
-0.08760373,0.036131812,0.5916965089999999
-0.059643977,-0.026570651,0.6378484799999999
0.157805819,0.06403267,0.458810004
0.128149677,0.059359727,0.496085166
-0.077452891,0.027986378,0.6130969310000001
0.181498138,0.074822916,0.47743021
-0.046482467,0.017311958,0.5825871
0.222869969,0.078235316,0.5686496320000001
-0.061114794,0.026109301,0.6369638129999999
-0.060232658,-0.028801964,0.6087602830000001
-0.037113748,0.014106927,0.567702146
0.068504968,0.101373799,0.6243064279999999
-0.094193241,-0.041559502,0.6119973599999999
0.158696473,0.070726176,0.538382253
-0.068749868,-0.028574608,0.610500928
-0.067744713,0.021445133,0.6345980870000001
-0.082031358,0.032705968,0.627847198
0.145773712,0.061784356,0.5035610289999999
-0.082679525,0.032520255,0.632680382
0.183138738,0.072681083,0.549416516
-0.077069627,0.024503601,0.592861729
0.195345495,0.083024489,0.55526075
-0.062446607,0.025089561,0.61562334
0.185263823,0.076767363,0.5572802379999999
-0.07793488,-0.033929953,0.610517523
-0.066488549,0.022442554,0.559991151
0.020936994,0.100380966,0.63023341
0.151062665,0.064089702,0.475636444
-0.080617269,-0.03290611,0.636820758
0.129712365,0.05108823,0.470514006
0.143248296,0.057231874,0.458628332
