x,y,z,run_time,distance,delta6,delta3,joint1,joint2,joint3,joint4,joint5,joint6
0.189013412,-0.053592828,0.538206106,4.95,0.144347756,1.349101928,0.752003489,0.26956164,0.11686409,0.365577759,0.340833847,0.254954413,0.001310179
0.284400078,0.155107529,0.404845084,4.4,0.158023446,1.595836123,0.950659355,0.48623748,0.266934201,0.197487675,0.305171925,0.273401664,0.066603179
0.257685253,0.109696669,0.527746793,4.95,0.147882448,1.90820921,1.426685502,0.404761698,0.267922861,0.754000943,0.185581516,0.279007133,0.016935059
0.33854251,0.06044943,0.124962288,4.85,0.318189528,2.128772205,1.112785634,0.17620032,0.793007995,0.143577319,0.36113715,0.457558495,0.197290925
0.092257993,-0.249775454,0.062911442,4.95,0.476360231,3.335608704,2.629659216,1.223654269,0.869785123,0.536219823,0.100748859,0.475010001,0.130190629
0.199192613,0.128525491,0.329812666,4.8,0.175834698,1.814402957,1.185231955,0.574020577,0.124326317,0.48688506,0.087487517,0.277736812,0.263946673
0.145601551,0.031262962,0.497238359,4.9,0.142374457,1.197313067,0.697862407,0.212396374,0.399932401,0.085533633,0.012374738,0.313312238,0.173763683
0.035517403,-0.033757882,0.624640304,4.65,0.304698035,2.42381315,1.791639813,0.735395193,0.256206603,0.800038016,0.237283322,0.196408382,0.198481634
0.165818061,-0.031635335,0.549008499,4.75,0.159918985,1.421228821,0.742249305,0.187988457,0.19848694,0.355773908,0.05527928,0.387717667,0.235982569
0.120832055,0.334998345,0.320092487,4.9,0.381266495,2.663956841,1.774893434,1.225305124,0.41993632,0.12965199,0.344615057,0.478334128,0.066114222
0.047729719,-0.068681165,0.59731764,4.95,0.28464308,2.399993266,1.827626826,0.996258065,0.305198502,0.526170259,0.238919461,0.117389105,0.216057874
0.242211241,-0.049845529,0.484137784,4.15,0.078198307,1.063330743,0.44867769,0.205693829,0.022436026,0.220547835,0.185460794,0.278452647,0.150739611
0.387036466,-0.056590528,0.309447285,4.4,0.178870366,1.671991454,1.066244291,0.143273122,0.598108717,0.324862452,0.141462065,0.192681427,0.271603671
0.225946395,-0.046713788,0.468111385,4.65,0.073290128,0.785574533,0.37216564,0.20818617,0.120954825,0.043024646,0.136143929,0.089283064,0.187981899
0.184514044,0.208581774,0.395859533,4.15,0.226685331,1.634577025,1.000360851,0.859750812,0.046906215,0.093703824,0.278792376,0.212457092,0.142966705
0.381458801,0.067622779,0.356549238,4.85,0.151612647,2.038071756,1.218011353,0.174973152,0.566165942,0.476872259,0.244361518,0.405808932,0.169889953
-0.049770544,-0.123552376,0.186767635,1.1,0.087622506,3.47384524,0.682296172,0.007923806,0.512136552,0.162235814,2.733521589,0.05635908,0.001668399
-0.022354449,-0.098047537,0.110663518,1.1,0.056730924,1.226833014,0.432246394,0.000408151,0.330268529,0.101569713,0.717327387,0.068208532,0.009050701
-0.034777526,-0.109025977,0.14502601,1.05,0.032961501,2.629204864,0.135095609,0.008491911,0.012458186,0.114145512,2.420682686,0.071483753,0.001942815
-0.009327248,-0.130213874,0.198426999,1.1,0.075249419,3.984915452,0.555641813,0.005292042,0.403221549,0.147128222,3.355638972,0.072214851,0.001419816
-0.022764935,-0.101535061,0.186014793,1.1,0.015038894,1.274546133,0.102227406,0.010001289,0.063968868,0.028257249,1.062038804,0.090528848,0.019751075
-0.028345635,-0.097463802,0.156441204,1.1,0.012807717,3.911872603,0.14176899,0.024669619,0.09703178,0.020067591,3.752739973,0.01358891,0.003774731
-0.007679964,-0.104776893,0.179779655,1.2,0.011057251,0.482959991,0.112068978,0.019307817,0.049544926,0.043216235,0.277718595,0.069160604,0.024011814
-0.026377503,-0.10364204,0.164341804,1.15,0.039306356,5.606317165,0.202275139,0.016883898,0.059438819,0.125952421,5.330584637,0.07174701,0.001710379
-0.037043495,-0.112081733,0.205189301,1.05,0.070497034,1.865412268,0.574136867,0.031076893,0.488833571,0.054226403,1.270290158,0.018500027,0.002485217
-0.0382094,-0.136707646,0.18999324,1.2,0.067282208,6.651174983,0.211396483,0.000710443,0.021755032,0.188931008,6.374853155,0.038431907,0.026493438
-0.04395607,-0.139968541,0.204308192,1.1,0.087622506,3.47384524,0.682296172,0.007923806,0.512136552,0.162235814,2.733521589,0.05635908,0.001668399
-0.031689747,-0.097872044,0.16472082,1.15,0.026415875,5.212542602,0.260936922,0.013077763,0.24675095,0.00110821,4.933483636,0.014056751,0.004065293
-0.01166343,-0.111134538,0.170815658,1.1,0.018198756,4.016339713,0.090009558,0.013155676,0.024856393,0.051997489,3.899515574,0.013622542,0.01319204
-0.014857663,-0.119042087,0.17483369,1.1,0.010445223,1.009746448,0.13749999,0.010358577,0.107610144,0.019531269,0.85795726,0.00201687,0.012272328
-0.014698982,-0.097338133,0.146368076,1.05,0.04716922,5.477700863,0.267588849,0.016387188,0.11073316,0.140468501,5.129277475,0.076851867,0.003982673
-0.025535767,-0.107212593,0.162828031,1.05,0.05534268,5.316374102,0.365551861,0.01264323,0.183015729,0.169892901,4.884039165,0.058527689,0.008255388
-0.042498334,-0.088452072,0.164043912,1.1,0.028619683,3.250315182,0.180708982,0.022104916,0.082921611,0.075682455,2.963908399,0.080766275,0.024931526
-0.041329987,-0.13741405,0.204909986,1.15,0.035658929,6.164995663,0.202216491,0.029822743,0.063377837,0.109015911,5.919347844,0.018291229,0.025140099
-0.022657695,-0.108250938,0.165944728,1.1,0.023506504,3.302539463,0.105091819,0.011183705,0.013514201,0.080393913,3.120365689,0.067740691,0.009341264
-0.023636698,-0.120185795,0.173162472,1.1,0.041063415,3.738493637,0.22667145,0.016325597,0.037856349,0.172489503,3.477371677,0.025317916,0.009132594
-0.025505258,-0.108602178,0.157309998,1.100000001,0.013931298,3.463442622,0.120017457,0.004262941,0.052423236,0.06333128,3.313267587,0.017644899,0.012512679
-0.022600594,-0.132060384,0.168806884,1.100000001,0.013697296,0.319316004,0.063091402,0.002271421,0.004917621,0.05590236,0.239944133,0.006545503,0.009734965
-0.012364792,-0.108540267,0.151418306,1.100000001,0.013697296,0.319316004,0.063091402,0.002271421,0.004917621,0.05590236,0.239944133,0.006545503,0.009734965
-0.03260351,-0.099026538,0.144208597,1.25,0.067282208,6.090295978,0.250834619,0.002899205,0.247276899,0.000658515,5.832544453,0.001479195,0.00543771
-0.049931111,-0.135002385,0.156085971,1.1,0.035766029,2.823837902,0.464060084,0.023812789,0.318866712,0.121380583,2.302249432,0.043318467,0.014209919
-0.028446627,-0.099416908,0.145595126,1.15,0.013697296,9.376325059,0.253068066,0.011662465,0.122514812,0.118890789,9.051439586,0.063247436,0.008569972
-0.02373777,-0.100804528,0.136920242,1.2,0.012807717,2.689577965,0.14176899,0.024669619,0.09703178,0.020067591,2.530445334,0.01358891,0.003774731
-0.003222146,-0.096202427,0.152984969,1.1,0.05534268,5.316374102,0.365551861,0.01264323,0.183015729,0.169892901,4.884039165,0.058527689,0.008255388
-0.033764364,-0.112373584,0.109305757,1.149999999,0.068477566,2.778825742,0.520254301,0.039746433,0.392844065,0.087663803,2.229248512,0.027228856,0.002094074
-0.035460208,-0.141286571,0.200003087,1.1,0.04716922,1.274546133,0.102227406,0.010001289,0.063968868,0.028257249,1.062038804,0.090528848,0.019751075
-0.034177881,-0.125992931,0.186582586,1.25,0.076413685,8.994953463,0.168746209,0.03494492,0.039283785,0.094517504,8.792827355,0.010549575,0.022830324
-0.029901673,-0.130422273,0.204895447,1.2,0.077816727,4.463641237,0.523301081,0.007922601,0.305339156,0.210039324,3.855016687,0.072070213,0.013253257
-0.019558698,-0.108375923,0.144328618,1.1,0.074053825,4.540141917,0.533733933,0.013222239,0.366324512,0.154187183,3.939444932,0.051734629,0.015228422
-0.042136886,-0.112656922,0.206651762,1.15,0.039615721,2.847879172,0.192791892,0.021868932,0.014892777,0.156030182,2.607424423,0.046760767,0.00090209
-0.044053423,-0.147909746,0.136775077,1.1,0.035766029,2.823837902,0.464060084,0.023812789,0.318866712,0.121380583,2.302249432,0.043318467,0.014209919
-0.03297005,-0.107699782,0.190129062,1.15,0.023978082,0.609485281,0.202216491,0.029822743,0.063377837,0.109015911,0.363837463,0.018291229,0.025140099
-0.02879595,-0.126906277,0.199807305,1.05,0.035658929,6.404128278,0.159782674,0.006540288,0.01985319,0.133389196,6.177960075,0.055505782,0.010879747
-0.035457728,-0.097167861,0.17088145,1.100000001,0.026415875,3.984915452,0.555641813,0.005292042,0.403221549,0.147128222,3.355638972,0.072214851,0.001419816
-0.034370089,-0.113636235,0.171937718,1.1,0.018198756,4.016339713,0.090009558,0.013155676,0.024856393,0.051997489,3.899515574,0.013622542,0.01319204
-0.046810356,-0.096087429,0.161885509,1.100000001,0.013931298,3.463442622,0.120017457,0.004262941,0.052423236,0.06333128,3.313267587,0.017644899,0.012512679
-0.035298666,-0.098683944,0.181790405,1.100000001,0.007563382,1.002093174,0.108436096,0.013199392,0.081096728,0.014139976,0.892114247,0.001031884,0.000510947
-0.036495275,-0.12173893,0.174442376,1.149999999,0.010445223,1.009746448,0.13749999,0.010358577,0.107610144,0.019531269,0.85795726,0.00201687,0.012272328
-0.042817711,-0.115038209,0.163599096,1.1,0.018198756,4.016339713,0.090009558,0.013155676,0.024856393,0.051997489,3.899515574,0.013622542,0.01319204
-0.018211626,-0.100676022,0.160625151,1.2,0.012807717,2.689577964,0.14176899,0.024669619,0.09703178,0.020067591,2.530445334,0.01358891,0.003774731
-0.030421092,-0.113232129,0.193596898,1.15,0.041529994,5.728406181,0.173180785,0.006500391,0.059963801,0.106716592,5.49400614,0.060384358,0.000834899
-0.03397713,-0.10519814,0.147088378,1.149999999,0.046201679,6.108806668,0.445793875,0.003560401,0.422011384,0.020222091,5.649999151,0.010269387,0.002744254
-0.023369492,-0.123839813,0.175512012,1.05,0.029326862,2.711768156,0.168746209,0.03494492,0.039283785,0.094517504,2.509642048,0.010549575,0.022830324
-0.045056593,-0.139892541,0.169580037,1.05,0.017799041,5.507131652,0.072736721,0.009834777,0.005014248,0.057887696,5.414859176,0.014363997,0.005171758
-0.036969688,-0.138897915,0.182509638,1.1,0.035658929,6.404128278,0.159782674,0.006540288,0.01985319,0.133389196,6.177960075,0.055505782,0.010879747
-0.025215277,-0.108191412,0.160831121,1.149999999,0.023978082,0.609485281,0.202216491,0.029822743,0.063377837,0.109015911,0.363837463,0.018291229,0.025140099
-0.037423217,-0.129675439,0.187626037,1.05,0.008844867,3.364609895,0.055275529,0.004857509,0.02654513,0.023872889,3.306194501,0.000369588,0.002770278
-0.000173718,-0.117419429,0.176625698,1.100000001,0.052931868,2.695268423,0.459096162,0.024266134,0.364897746,0.069932282,2.133817807,0.07397828,0.028376174
-0.024905283,-0.105354255,0.164193561,1.1,0.015038894,3.334699262,0.308901041,0.024858459,0.138162439,0.145880144,2.948423618,0.064148141,0.013226461
-0.049398195,-0.128779322,0.194851922,1.100000001,0.087622506,3.47384524,0.682296172,0.007923806,0.512136552,0.162235814,2.733521589,0.05635908,0.001668399
-0.018126253,-0.090773594,0.122367804,1.2,0.03750256,6.164995663,0.202216491,0.029822743,0.063377837,0.109015911,5.919347845,0.018291229,0.025140099
-0.021943704,-0.112132466,0.162380819,1.1,0.0300795,3.622387237,0.170147213,0.017164899,0.029793426,0.123188888,3.441753868,0.008677951,0.001808205
-0.022851135,-0.110101006,0.164698114,1.05,0.020166868,2.6266275,0.105110933,0.013516465,0.035180589,0.05641388,2.494212678,0.014271973,0.013031916
-0.026179817,-0.09829605,0.161334771,1.15,0.024437163,0.226545507,0.155429704,0.011291131,0.101232631,0.042905942,0.005925269,0.03929976,0.025890774
-0.031497392,-0.132392502,0.185825243,1.100000001,0.052170592,3.334699262,0.308901041,0.024858459,0.138162439,0.145880144,2.948423618,0.064148141,0.013226461
-0.022037416,-0.116451591,0.165084072,1.149999999,0.015038894,5.433653832,0.102227406,0.010001289,0.063968868,0.028257249,5.221146503,0.090528848,0.019751075
-0.028642593,-0.090786128,0.126306847,1.1,0.007711192,3.554174594,0.045440609,0.015274054,0.025022813,0.005143741,3.484794323,0.021739909,0.002199753
-0.018243028,-0.096982468,0.146462991,1.1,0.032100864,3.319566671,0.331363089,0.023136333,0.289372349,0.018854407,2.944075278,0.026967825,0.017160478
-0.030580361,-0.087223567,0.119326738,1.1,0.032100864,3.319566671,0.331363089,0.023136333,0.289372349,0.018854407,2.944075278,0.026967825,0.017160478
-0.038828715,-0.099051485,0.123692771,1.149999999,0.071253406,1.603914421,0.199679359,0.034737043,0.048638018,0.116304298,1.369193711,0.033052693,0.001988658
-0.02221686,-0.090181861,0.123586544,1.050000001,0.031711643,1.632738552,0.18060014,0.035290496,0.029650053,0.115659591,1.41402275,0.036439498,0.001676164
-0.03017834,-0.121281854,0.178893125,1.199999999,0.013697296,2.734936525,0.328209396,0.000983679,0.28166672,0.045558997,2.392430037,0.000181269,0.014115822
-0.019012331,-0.099855707,0.120982178,1.149999999,0.061962273,6.122512255,0.443513928,0.015476013,0.27225345,0.155784465,5.525097504,0.121069768,0.032831054
-0.044882932,-0.129279135,0.13063554,1.15,0.0491873,1.504095524,0.466485534,0.015774464,0.264934231,0.185776839,0.901964106,0.126008915,0.009636968
-0.024746892,-0.11552798,0.160878965,1.25,0.044927746,1.85360038,0.253015621,0.021580481,0.093680812,0.137754328,1.593233656,0.002826223,0.004524879
-0.033472249,-0.094998171,0.132519689,1.300000001,0.041457356,2.901960148,0.538902892,0.0434316,0.406598867,0.088872424,2.331750219,0.029612598,0.00169444
-0.025393226,-0.103254982,0.137567506,1.2,0.03474149,4.433088306,0.27920395,0.009682986,0.253438155,0.01608281,4.088759323,0.050070762,0.015054271
-0.031195653,-0.120259772,0.180993291,1.2,0.034619779,5.209817848,0.54072897,0.021180397,0.380390771,0.139157802,4.661565937,0.00294928,0.004573661
-0.024754075,-0.12706419,0.169454516,1.05,0.008844867,3.364609895,0.055275529,0.004857509,0.02654513,0.023872889,3.306194501,0.000369588,0.002770278
-0.026955641,-0.115008368,0.156430272,1.15,0.040142063,4.603514025,0.520254301,0.039746433,0.392844065,0.087663803,4.053936795,0.027228856,0.002094074
-0.024093219,-0.109224659,0.142498968,1.1,0.04716922,3.439609977,0.265055958,0.022639623,0.238078008,0.004338327,3.137802867,0.021862969,0.014888184
-0.050117485,-0.131047157,0.154562431,1.100000001,0.035766029,2.823837902,0.464060084,0.023812789,0.318866712,0.121380583,2.302249432,0.043318467,0.014209919
-0.02914663,-0.09721953,0.136617228,1.2,0.051776925,2.872138756,0.494506624,0.018437527,0.418261918,0.057807178,2.342049753,0.021200838,0.014381541
-0.050442367,-0.132724855,0.128991817,1.25,0.049623199,2.997944932,0.27428487,0.011636965,0.091796042,0.170851863,2.661778434,0.060111518,0.00177011
-0.012517345,-0.106492587,0.138369946,1.05,0.037687417,6.276030857,0.350332739,0.02163751,0.292130941,0.036564289,5.825829746,0.078115336,0.021753036
-0.054228385,-0.133505634,0.15093963,1.100000001,0.035766029,2.823837902,0.464060084,0.023812789,0.318866712,0.121380583,2.302249432,0.043318467,0.014209919
-0.011449726,-0.103350492,0.151786457,1.100000001,0.012807717,3.911872603,0.14176899,0.024669619,0.09703178,0.020067591,3.752739973,0.01358891,0.003774731
-0.030096971,-0.10578979,0.164224159,1.1,0.039306356,5.606317164,0.202275139,0.016883898,0.059438819,0.125952421,5.330584636,0.07174701,0.001710379
-0.02461933,-0.08951972,0.124795457,1.1,0.03750256,9.018121831,0.328209396,0.000983679,0.28166672,0.045558997,8.675615344,0.000181269,0.014115822
-0.028097581,-0.105843233,0.152448519,1.05,0.040489482,3.957573371,0.27428487,0.011636965,0.091796042,0.170851863,3.621406873,0.060111518,0.00177011
-0.025500333,-0.114692119,0.168238003,1.05,0.032036603,1.165216243,0.158886999,0.020873503,0.005312618,0.132700877,0.944076128,0.048852504,0.013400612
-0.027783992,-0.12883076,0.177248169,1.1,0.052931868,2.695268423,0.459096162,0.024266134,0.364897746,0.069932282,2.133817806,0.07397828,0.028376174
-0.028364353,-0.105885411,0.132026827,1.15,0.026415875,1.628760638,0.260936922,0.013077763,0.24675095,0.00110821,1.349701671,0.014056751,0.004065293
-0.042583295,-0.096999935,0.135183887,1.15,0.010115117,6.497880276,0.155429704,0.011291131,0.101232631,0.042905942,6.277260038,0.03929976,0.025890774
-0.044741948,-0.132862793,0.208194329,1.1,0.017543267,5.48298591,0.119716009,0.015049366,0.093980964,0.010685679,5.285112201,0.063111256,0.015046445
-0.024402827,-0.102143701,0.18542797,1.1,0.051776925,4.471224558,0.494506624,0.018437527,0.418261918,0.057807178,3.941135555,0.021200838,0.014381541
-0.02956573,-0.111964654,0.168378201,1.15,0.024227329,1.336529604,0.163054178,0.015192888,0.106492799,0.041368491,1.155965163,0.010451436,0.007058827
-0.046075505,-0.120225874,0.142106547,1.100000001,0.068477566,5.641559272,0.554833914,0.028553962,0.472002363,0.054277589,5.062597402,0.020908365,0.003219591
-0.029154793,-0.12720487,0.123989552,1.05,0.068477566,5.641559272,0.554833914,0.028553962,0.472002363,0.054277589,5.062597402,0.020908365,0.003219591
-0.026220694,-0.128127267,0.19232934,1.1,0.078053172,3.356355966,0.597964532,0.016765416,0.413770976,0.167428141,2.707631332,0.04913028,0.001629821
-0.019771897,-0.103855361,0.15394989,1.1,0.051776925,4.471224558,0.494506624,0.018437527,0.418261918,0.057807178,3.941135555,0.021200838,0.014381541
-0.027942866,-0.099725126,0.14609471,1.1,0.032100864,3.319566671,0.331363089,0.023136333,0.289372349,0.018854407,2.944075279,0.026967825,0.017160478
-0.016802534,-0.123565585,0.17271942,1.1,0.04850042,3.554174594,0.045440609,0.015274054,0.025022813,0.005143741,3.484794323,0.021739909,0.002199753
-0.021855153,-0.100468752,0.133511065,1.2,0.078053172,4.224278609,0.597964532,0.016765416,0.413770976,0.167428141,3.575553976,0.04913028,0.001629821
-0.036879027,-0.10032527,0.179208516,1.149999999,0.056730924,6.075363546,0.432246394,0.000408151,0.330268529,0.101569713,5.56585792,0.068208532,0.009050701
-0.016248657,-0.127584179,0.185438625,1.2,0.019982417,3.385519306,0.128220492,0.01966686,0.032299228,0.076254403,3.24083533,0.015929271,0.000534213
-0.020042213,-0.097829623,0.147590918,1.149999999,0.010115117,0.226545507,0.155429704,0.011291131,0.101232631,0.042905942,0.005925269,0.03929976,0.025890774
-0.013481107,-0.092437133,0.116880172,1.149999999,0.075249419,5.606317164,0.202275139,0.016883898,0.059438819,0.125952421,5.330584636,0.07174701,0.001710379
-0.022483975,-0.097783332,0.180219005,1.15,0.041739162,3.916215633,0.192791892,0.021868932,0.014892777,0.156030182,3.675760884,0.046760767,0.00090209
-0.041200676,-0.140824534,0.181415953,1.149999999,0.077816727,4.463641238,0.523301081,0.007922601,0.305339156,0.210039324,3.855016687,0.072070213,0.013253257
-0.030861517,-0.107250486,0.164030644,1.149999999,0.038623659,5.733636738,0.380702377,0.00713295,0.351926001,0.021643426,5.335803323,0.014913008,0.002218029
-0.041292821,-0.124932912,0.219619502,1.15,0.039615721,2.847879172,0.192791892,0.021868932,0.014892777,0.156030182,2.607424423,0.046760767,0.00090209
-0.03474531,-0.145213503,0.19560175,1.149999999,0.042154452,9.376325059,0.253068066,0.011662465,0.122514812,0.118890789,9.051439586,0.063247436,0.008569972
-0.031412286,-0.12110957,0.178180705,1.25,0.035766029,3.921387451,0.105110933,0.013516465,0.035180589,0.05641388,3.788972629,0.014271973,0.013031916
-0.020302528,-0.116030737,0.121630461,1.1,0.068477566,5.148712307,0.199679359,0.034737043,0.048638018,0.116304298,4.913991597,0.033052693,0.001988658
-0.020718127,-0.122684893,0.163637135,1.1,0.03474149,3.400919404,0.285254028,0.003893038,0.215229386,0.066131605,3.075273,0.028118311,0.012274065
-0.031200935,-0.1028585,0.132987854,1.100000001,0.007711192,3.554174594,0.045440609,0.015274054,0.025022813,0.005143741,3.484794323,0.021739909,0.002199753
-0.034681014,-0.099619761,0.137130831,1.2,0.078053172,4.224278609,0.597964532,0.016765416,0.413770976,0.167428141,3.575553976,0.04913028,0.001629821
-0.034312868,-0.097610501,0.134048379,1.05,0.068477566,5.641559272,0.554833914,0.028553962,0.472002363,0.054277589,5.062597402,0.020908365,0.003219591
-0.025616822,-0.107405945,0.119759243,1.05,0.049623199,3.957573371,0.27428487,0.011636965,0.091796042,0.170851863,3.621406873,0.060111518,0.00177011
-0.023872929,-0.108268285,0.125139072,1.15,0.007711192,2.867771256,0.045440609,0.015274054,0.025022813,0.005143741,2.798390985,0.021739909,0.002199753
-0.03809789,-0.104926349,0.167186792,1.1,0.038623659,5.733636738,0.380702377,0.00713295,0.351926001,0.021643426,5.335803323,0.014913008,0.002218029
-0.012238785,-0.117082474,0.19276629,1.1,0.028619683,4.016339713,0.090009558,0.013155676,0.024856393,0.051997489,3.899515574,0.013622542,0.01319204
-0.043218194,-0.102061182,0.151201966,1.100000001,0.034797729,0.319316004,0.063091402,0.002271421,0.004917621,0.05590236,0.239944133,0.006545503,0.009734965
-0.024730744,-0.097136785,0.13394203,1.1,0.05534268,5.316374102,0.365551861,0.01264323,0.183015729,0.169892901,4.884039165,0.058527689,0.008255388
-0.02439254,-0.117393562,0.157601376,1.149999999,0.023978082,0.60948528,0.202216491,0.029822743,0.063377837,0.109015911,0.363837462,0.018291229,0.025140099
-0.016071004,-0.100402656,0.12661042,1.100000001,0.036501886,3.818678224,0.383765406,0.001340641,0.375482166,0.0069426,3.429443627,0.002521078,0.002948113
-0.035498371,-0.146824012,0.174857327,1.100000001,0.035658929,6.404128278,0.159782674,0.006540288,0.01985319,0.133389196,6.177960075,0.055505782,0.010879747
-0.02838038,-0.106131857,0.139132974,1.2,0.067282208,4.178859432,0.433387979,0.007864128,0.254817464,0.170706388,3.651805901,0.076550062,0.017115491
-0.056578584,-0.136326343,0.184986198,1.149999999,0.034797729,5.728406181,0.173180785,0.006500391,0.059963801,0.106716592,5.49400614,0.060384358,0.000834899
-0.024263325,-0.119902622,0.163064802,1.05,0.03397712,4.486807906,0.172891817,0.026189787,0.036184724,0.110517307,4.306362455,0.002874558,0.004679076
-0.033468507,-0.112404679,0.127872115,1.2,0.010115117,6.427461886,0.048389588,0.01347921,0.003819246,0.031091132,6.352671956,0.016383161,0.010017181
-0.02559337,-0.104943332,0.183230253,1.15,0.057800976,3.586115962,0.122796274,0.008789782,0.037653175,0.076353317,3.39494385,0.059667381,0.008708457
-0.044299699,-0.115092069,0.17560942,1.15,0.024227329,1.336529604,0.163054178,0.015192888,0.106492799,0.041368491,1.155965163,0.010451436,0.007058827
-0.056965531,-0.128967688,0.214313263,1.3,0.098667684,6.15097754,0.735030865,0.011892591,0.544137372,0.179000902,5.281583732,0.119765031,0.014597912
-0.032453685,-0.085309911,0.125296388,1.1,0.046201679,0.753021319,0.163298688,0.00484139,0.127981518,0.03047578,0.560894114,0.020771778,0.008056739
-0.019271003,-0.129130572,0.199410031,1.05,0.008844867,3.364609896,0.055275529,0.004857509,0.02654513,0.023872889,3.306194501,0.000369588,0.002770278
-0.036898943,-0.121201217,0.161212621,1.1,0.018198756,4.016339713,0.090009558,0.013155676,0.024856393,0.051997489,3.899515574,0.013622542,0.01319204
-0.014010832,-0.099472845,0.167013136,1.1,0.013931298,3.463442622,0.120017457,0.004262941,0.052423236,0.06333128,3.313267587,0.017644899,0.012512679
-0.029942895,-0.119548306,0.206907283,1.05,0.008844867,3.364609896,0.055275529,0.004857509,0.02654513,0.023872889,3.306194501,0.000369588,0.002770278
-0.023364288,-0.096395457,0.125054893,1.05,0.049623199,3.957573371,0.27428487,0.011636965,0.091796042,0.170851863,3.621406873,0.060111518,0.00177011
-0.030024837,-0.126301702,0.177603447,1.100000001,0.075249419,3.984915453,0.555641813,0.005292042,0.403221549,0.147128222,3.355638972,0.072214851,0.001419816
-0.04926524,-0.10821089,0.163547018,1.1,0.013697296,0.319316004,0.063091402,0.002271421,0.004917621,0.05590236,0.239944133,0.006545503,0.009734965
-0.007916075,-0.094857838,0.149786337,1.100000001,0.002824956,1.225965856,0.052805058,0.026070789,0.018751893,0.007982377,1.093927352,0.068418475,0.010814971
-0.030144629,-0.131742122,0.201458444,1.1,0.087622506,3.47384524,0.682296172,0.007923806,0.512136552,0.162235814,2.733521589,0.05635908,0.001668399
-0.021148071,-0.09951338,0.14092986,1.05,0.05534268,5.316374102,0.365551861,0.01264323,0.183015729,0.169892901,4.884039165,0.058527689,0.008255388
-0.028131387,-0.108980704,0.131737813,1.1,0.056730924,1.226833014,0.432246394,0.000408151,0.330268529,0.101569713,0.717327387,0.068208532,0.009050701
-0.047185487,-0.124547328,0.202787536,1.100000001,0.014507506,3.334699262,0.308901041,0.024858459,0.138162439,0.145880144,2.948423618,0.064148141,0.013226461
-0.039413476,-0.138148343,0.205132563,1.1,0.078053172,3.356355966,0.597964532,0.016765416,0.413770976,0.167428141,2.707631332,0.04913028,0.001629821
-0.035253214,-0.115676519,0.212031901,1.05,0.070497034,1.865412269,0.574136867,0.031076893,0.488833571,0.054226403,1.270290158,0.018500027,0.002485217
-0.031913777,-0.134571118,0.206827919,1.2,0.070647312,4.463641238,0.523301081,0.007922601,0.305339156,0.210039324,3.855016687,0.072070213,0.013253257
-0.022029811,-0.099550587,0.168000949,1.149999999,0.039306356,5.606317165,0.202275139,0.016883898,0.059438819,0.125952421,5.330584637,0.07174701,0.001710379
-0.020239553,-0.102022363,0.124485592,1.2,0.036501886,4.289987369,0.682296172,0.007923806,0.512136552,0.162235814,3.549663718,0.05635908,0.001668399
-0.026568413,-0.119617711,0.16004717,1.05,0.029326862,2.711768156,0.168746209,0.03494492,0.039283785,0.094517504,2.509642047,0.010549575,0.022830324
-0.02761128,-0.112403893,0.163172796,1.05,0.04716922,5.477700863,0.267588849,0.016387188,0.11073316,0.140468501,5.129277475,0.076851867,0.003982673
-0.02965171,-0.111168844,0.213748449,1.2,0.057800976,3.06214165,0.332694832,0.002694658,0.176215667,0.153784507,2.60396727,0.11122388,0.014255667
-0.037569792,-0.117062838,0.154873545,1.1,0.035766029,2.823837902,0.464060084,0.023812789,0.318866712,0.121380583,2.302249432,0.043318467,0.014209919
-0.022804243,-0.101200913,0.184225193,1.100000001,0.023978082,1.165216243,0.158886999,0.020873503,0.005312618,0.132700877,0.944076128,0.048852504,0.013400612
-0.003856445,-0.113585486,0.182988365,1.1,0.052931868,2.695268423,0.459096162,0.024266134,0.364897746,0.069932282,2.133817806,0.07397828,0.028376174
-0.02530409,-0.0956141,0.130098578,1.149999999,0.010115117,0.226545507,0.155429704,0.011291131,0.101232631,0.042905942,0.005925269,0.03929976,0.025890774
-0.014324577,-0.081644994,0.125828865,1.100000001,0.076413685,0.936381514,0.510916974,0.000612345,0.302948901,0.207355728,0.369898972,0.024128945,0.031436624
-0.026791682,-0.105363907,0.169019237,1.15,0.018198756,4.016339713,0.090009558,0.013155676,0.024856393,0.051997489,3.899515574,0.013622542,0.01319204
-0.028627495,-0.10708104,0.171677046,1.100000001,0.010108802,5.822684788,0.152695885,0.005133126,0.117014647,0.030548111,5.639162521,0.022819305,0.008007077
-0.008810556,-0.107331422,0.129323971,1.1,0.007711192,3.554174594,0.045440609,0.015274054,0.025022813,0.005143741,3.484794323,0.021739909,0.002199753
-0.03574171,-0.112766135,0.204073326,1.1,0.017543267,5.48298591,0.119716009,0.015049366,0.093980964,0.010685679,5.285112201,0.063111256,0.015046445
-0.020096094,-0.133147994,0.183614834,1.2,0.070647312,4.463641238,0.523301081,0.007922601,0.305339156,0.210039324,3.855016687,0.072070213,0.013253257
-0.026571516,-0.109775355,0.129986834,1.1,0.032100864,3.319566671,0.331363089,0.023136333,0.289372349,0.018854407,2.944075279,0.026967825,0.017160478
-0.024083243,-0.092211305,0.148293214,1.149999999,0.03127497,1.249411005,0.326776768,0.015640428,0.285795382,0.025340958,0.899577241,0.009595167,0.013461829
-0.043614543,-0.109904525,0.197470866,1.149999999,0.042154452,9.376325059,0.253068066,0.011662465,0.122514812,0.118890789,9.051439585,0.063247436,0.008569972
-0.029847781,-0.111979987,0.152132328,1.199999999,0.018198756,2.500493873,0.090009558,0.013155676,0.024856393,0.051997489,2.383669734,0.013622542,0.01319204
-0.03722695,-0.094872897,0.134335015,1.05,0.031711643,1.632738553,0.18060014,0.035290496,0.029650053,0.115659591,1.41402275,0.036439498,0.001676164
-0.030681944,-0.150521478,0.199064278,1.15,0.075249419,1.228333198,0.202275139,0.016883898,0.059438819,0.125952421,0.952600671,0.07174701,0.001710379
-0.014458253,-0.119769889,0.165859412,1.1,0.013697296,0.319316004,0.063091402,0.002271421,0.004917621,0.05590236,0.239944133,0.006545503,0.009734965
-0.047686853,-0.112699823,0.165278151,1.100000001,0.018198756,4.016339713,0.090009558,0.013155676,0.024856393,0.051997489,3.899515574,0.013622542,0.01319204
0.000417015,-0.10321134,0.174767976,1.100000001,0.007563382,1.002093174,0.108436096,0.013199392,0.081096728,0.014139976,0.892114247,0.001031884,0.000510947
-0.029636655,-0.138894743,0.179020085,1.05,0.029326862,2.711768156,0.168746209,0.03494492,0.039283785,0.094517504,2.509642047,0.010549575,0.022830324
-0.030830201,-0.097259647,0.16425148,1.1,0.047820456,4.981973954,0.347544819,0.026477311,0.217936122,0.103131386,4.621051569,0.005251565,0.008126
-0.039880732,-0.103928179,0.163298411,1.100000001,0.013697296,0.319316004,0.063091402,0.002271421,0.004917621,0.05590236,0.239944133,0.006545503,0.009734965
-0.023538268,-0.101062244,0.155843931,1.2,0.010108802,0.827545054,0.152695885,0.005133126,0.117014647,0.030548111,0.644022787,0.022819305,0.008007077
-0.0293109,-0.121490464,0.179415136,1.1,0.013697296,0.319316004,0.063091402,0.002271421,0.004917621,0.05590236,0.239944133,0.006545503,0.009734965
-0.016449077,-0.126965535,0.183637431,1.05,0.008844867,3.364609896,0.055275529,0.004857509,0.02654513,0.023872889,3.306194501,0.000369588,0.002770278
-0.028034443,-0.117871869,0.195432886,1.100000001,0.052931868,2.695268423,0.459096162,0.024266134,0.364897746,0.069932282,2.133817806,0.07397828,0.028376174
-0.043865852,-0.097382759,0.165812834,1.1,0.010108802,5.822684788,0.152695885,0.005133126,0.117014647,0.030548111,5.63916252,0.022819305,0.008007077
-0.031288394,-0.128497221,0.20478026,1.149999999,0.023978082,6.164995663,0.202216491,0.029822743,0.063377837,0.109015911,5.919347845,0.018291229,0.025140099
-0.039274976,-0.12392911,0.221557232,1.149999999,0.014314731,1.619224912,0.089394975,0.014997315,0.042973574,0.031424085,1.473013565,0.051011779,0.005804593
-0.013594643,-0.104199388,0.184832139,1.15,0.029326862,0.609485281,0.202216491,0.029822743,0.063377837,0.109015911,0.363837463,0.018291229,0.025140099
-0.032989178,-0.129231086,0.163628207,1.15,0.010445223,1.009746449,0.13749999,0.010358577,0.107610144,0.019531269,0.857957261,0.00201687,0.012272328
-0.034859332,-0.138730301,0.210550537,1.100000001,0.041739162,3.094089807,0.207266126,0.013802667,0.021025142,0.172438317,2.855515883,0.022909578,0.008398221
-0.037347446,-0.135535338,0.210070342,1.149999999,0.099928605,6.0182397,0.744571917,0.010835762,0.553164482,0.180571673,5.14137961,0.118050781,0.014237392
-0.031083112,-0.094627255,0.111793635,1.15,0.038623659,5.212542602,0.260936922,0.013077763,0.24675095,0.00110821,4.933483636,0.014056751,0.004065293
-0.011406899,-0.115835681,0.163270396,1.149999999,0.042154452,3.093139752,0.253068066,0.011662465,0.122514812,0.118890789,2.768254278,0.063247436,0.008569972
-0.024586186,-0.112401038,0.11828142,1.2,0.087622506,4.289987369,0.682296172,0.007923806,0.512136552,0.162235814,3.549663718,0.05635908,0.001668399
-0.024344422,-0.106102721,0.113801847,1.2,0.087622506,4.289987369,0.682296172,0.007923806,0.512136552,0.162235814,3.549663718,0.05635908,0.001668399
-0.0176055,-0.129673066,0.137620452,1.100000001,0.035766029,2.823837902,0.464060084,0.023812789,0.318866712,0.121380583,2.302249432,0.043318467,0.014209919
-0.041278375,-0.102203029,0.167917136,1.1,0.022673549,1.130940121,0.231351622,0.013452349,0.180743504,0.037155768,0.824165323,0.046087755,0.029335421
-0.033838239,-0.10679045,0.213629435,1.149999999,0.099928605,6.018239699,0.744571917,0.010835762,0.553164482,0.180571673,5.141379609,0.118050781,0.014237392
-0.020604137,-0.120425492,0.159590635,1.149999999,0.041529994,1.023579209,0.173180785,0.006500391,0.059963801,0.106716592,0.789179168,0.060384358,0.000834899
-0.046837233,-0.128499834,0.136961798,1.050000001,0.068477566,5.641559272,0.554833914,0.028553962,0.472002363,0.054277589,5.062597402,0.020908365,0.003219591
-0.016098432,-0.120261333,0.171396662,1.2,0.018198756,4.502524345,0.464060084,0.023812789,0.318866712,0.121380583,3.980935875,0.043318467,0.014209919
-0.046869842,-0.13152203,0.172966,1.100000001,0.011382609,2.882636474,0.096758933,0.009223578,0.076557718,0.010977637,2.749562411,0.022354933,0.013960197
-0.038161788,-0.111215563,0.13282071,1.050000001,0.068477566,5.641559272,0.554833914,0.028553962,0.472002363,0.054277589,5.062597402,0.020908365,0.003219591
-0.02619527,-0.112754712,0.19582056,1.1,0.087622506,3.47384524,0.682296172,0.007923806,0.512136552,0.162235814,2.733521589,0.05635908,0.001668399
-0.013299604,-0.109737521,0.154701244,1.15,0.046201679,6.108806669,0.445793875,0.003560401,0.422011384,0.020222091,5.649999152,0.010269387,0.002744254
-0.023277366,-0.125575518,0.201753935,1.100000001,0.087622506,3.47384524,0.682296172,0.007923806,0.512136552,0.162235814,2.733521589,0.05635908,0.001668399
-0.020389062,-0.114359411,0.173405656,1.15,0.039306356,5.606317165,0.202275139,0.016883898,0.059438819,0.125952421,5.330584637,0.07174701,0.001710379
-0.030849146,-0.10784609,0.157325351,1.100000001,0.013931298,3.463442622,0.120017457,0.004262941,0.052423236,0.06333128,3.313267587,0.017644899,0.012512679
-0.009971151,-0.084721713,0.108900349,1.1,0.036501886,3.818678224,0.383765406,0.001340641,0.375482166,0.0069426,3.429443627,0.002521078,0.002948113
-0.018388526,-0.105031187,0.185309543,1.25,0.011057251,0.482959991,0.112068978,0.019307817,0.049544926,0.043216235,0.277718595,0.069160604,0.024011814
-0.040386923,-0.129592021,0.189569192,1.149999999,0.042154452,9.37632506,0.253068066,0.011662465,0.122514812,0.118890789,9.051439586,0.063247436,0.008569972
-0.033119809,-0.108596505,0.153293223,1.25,0.013697296,4.433170278,0.232460519,0.014546231,0.185351709,0.032562579,4.124774134,0.045663995,0.030271631
-0.0424879,-0.085510043,0.119340244,1.15,0.046201679,1.091993672,0.445793875,0.003560401,0.422011384,0.020222091,0.633186155,0.010269387,0.002744254
-0.033129167,-0.086052751,0.109540536,1.1,0.036501886,3.818678224,0.383765406,0.001340641,0.375482166,0.0069426,3.429443627,0.002521078,0.002948113
-0.038811023,-0.156176533,0.197623783,1.2,0.058540502,7.219566822,0.510916974,0.000612345,0.302948901,0.207355728,6.65308428,0.024128945,0.031436624
-0.037610106,-0.125372081,0.167947302,1.15,0.010445223,1.009746449,0.13749999,0.010358577,0.107610144,0.019531269,0.857957261,0.00201687,0.012272328
-0.040495066,-0.115369111,0.137036042,1.1,0.030923214,5.148712307,0.199679359,0.034737043,0.048638018,0.116304298,4.913991597,0.033052693,0.001988658
-0.035683681,-0.114151237,0.153933931,1.25,0.03127497,1.131013594,0.067906434,0.026431577,0.029076089,0.012398768,0.983384407,0.069067906,0.010654847
-0.053346142,-0.127964863,0.181198981,1.2,0.034619779,5.209817847,0.54072897,0.021180397,0.380390771,0.139157802,4.661565936,0.00294928,0.004573661
-0.029557505,-0.086359074,0.151645531,1.050000001,0.020166868,2.626627499,0.105110933,0.013516465,0.035180589,0.05641388,2.494212678,0.014271973,0.013031916
-0.026509521,-0.123337539,0.16769908,1.05,0.052931868,0.144276578,0.048389588,0.01347921,0.003819246,0.031091132,0.069486648,0.016383161,0.010017181
-0.022231145,-0.108216649,0.146484335,1.2,0.028619683,2.500493872,0.090009558,0.013155676,0.024856393,0.051997489,2.383669733,0.013622542,0.01319204
-0.009919353,-0.095213075,0.139479616,1.2,0.067282208,4.178859433,0.433387979,0.007864128,0.254817464,0.170706388,3.651805901,0.076550062,0.017115491
-0.047286718,-0.094669248,0.160199734,1.100000001,0.002824956,1.225965856,0.052805058,0.026070789,0.018751893,0.007982377,1.093927352,0.068418475,0.010814971
-0.033702307,-0.120670584,0.21796488,1.199999999,0.017543267,1.195946815,0.119716009,0.015049366,0.093980964,0.010685679,0.998073106,0.063111256,0.015046445
-0.005591821,-0.097532114,0.170338565,1.25,0.016122479,4.204795908,0.167554636,0.022275695,0.121170755,0.024108186,4.027318134,0.0055156,0.004407537
-0.039399541,-0.130004316,0.126928534,1.15,0.040489482,1.504095524,0.466485534,0.015774464,0.264934231,0.185776839,0.901964106,0.126008915,0.009636968
-0.034897453,-0.127784515,0.165078587,1.100000001,0.018198756,4.016339713,0.090009558,0.013155676,0.024856393,0.051997489,3.899515574,0.013622542,0.01319204
-0.023041695,-0.101170331,0.117244216,1.1,0.074053825,4.540141916,0.533733933,0.013222239,0.366324512,0.154187183,3.939444932,0.051734629,0.015228422
-0.010975753,-0.105884928,0.15843542,1.2,0.013931298,3.120092755,0.120017457,0.004262941,0.052423236,0.06333128,2.96991772,0.017644899,0.012512679
-0.037102777,-0.121929883,0.144940913,1.05,0.068477566,5.641559273,0.554833914,0.028553962,0.472002363,0.054277589,5.062597403,0.020908365,0.003219591
-0.016767505,-0.108363676,0.1500953,1.100000001,0.04716922,5.477700862,0.267588849,0.016387188,0.11073316,0.140468501,5.129277474,0.076851867,0.003982673
-0.013202582,-0.088106561,0.108046059,1.1,0.036501886,3.818678224,0.383765406,0.001340641,0.375482166,0.0069426,3.429443627,0.002521078,0.002948113
-0.032947249,-0.070140248,0.124632875,1.05,0.031711643,1.632738552,0.18060014,0.035290496,0.029650053,0.115659591,1.414022749,0.036439498,0.001676164
-0.034479449,-0.112186116,0.147028492,1.1,0.035766029,2.823837902,0.464060084,0.023812789,0.318866712,0.121380583,2.302249432,0.043318467,0.014209919
-0.026656838,-0.115577945,0.15177614,1.15,0.04716922,5.433653831,0.102227406,0.010001289,0.063968868,0.028257249,5.221146503,0.090528848,0.019751075
-0.042438127,-0.129256475,0.117467281,1.15,0.040489482,1.504095524,0.466485534,0.015774464,0.264934231,0.185776839,0.901964106,0.126008915,0.009636968
-0.021304725,-0.120606044,0.179779984,1.05,0.024227329,1.38863583,0.273526738,0.011858502,0.171470848,0.090197388,1.076818199,0.035568925,0.002721967
-0.027725513,-0.136225794,0.208324654,1.100000001,0.068426555,5.321478091,0.606929794,0.011279945,0.548151463,0.047498386,4.650354456,0.055093696,0.009100145
-0.022639784,-0.083694901,0.147017977,1.1,0.04716922,3.439609977,0.265055958,0.022639623,0.238078008,0.004338327,3.137802866,0.021862969,0.014888184
-0.039713079,-0.111800853,0.165538827,1.199999999,0.018295867,3.385519307,0.128220492,0.01966686,0.032299228,0.076254403,3.24083533,0.015929271,0.000534213
-0.010433203,-0.087732374,0.12495233,1.149999999,0.046201679,1.091993672,0.445793875,0.003560401,0.422011384,0.020222091,0.633186155,0.010269387,0.002744254
-0.02498154,-0.121547581,0.170307997,1.15,0.015038894,1.274546133,0.102227406,0.010001289,0.063968868,0.028257249,1.062038804,0.090528848,0.019751075
-0.014897423,-0.109060343,0.156801545,1.1,0.03474149,3.400919405,0.285254028,0.003893038,0.215229386,0.066131605,3.075273001,0.028118311,0.012274065
-0.037617422,-0.121024223,0.171660212,1.1,0.034619779,2.087567758,0.184222755,0.026481523,0.047151594,0.110589638,1.893694179,0.004922086,0.004728738
-0.024312446,-0.105731451,0.142974844,1.149999999,0.026415875,5.212542601,0.260936922,0.013077763,0.24675095,0.00110821,4.933483635,0.014056751,0.004065293
-0.036975322,-0.10135127,0.157495815,1.149999999,0.026415875,5.212542601,0.260936922,0.013077763,0.24675095,0.00110821,4.933483635,0.014056751,0.004065293
-0.012922316,-0.106325192,0.184841934,1.15,0.010108802,0.827545054,0.152695885,0.005133126,0.117014647,0.030548111,0.644022786,0.022819305,0.008007077
-0.054813607,-0.116807947,0.137503224,1.100000001,0.068477566,5.641559273,0.554833914,0.028553962,0.472002363,0.054277589,5.062597403,0.020908365,0.003219591
-0.030395009,-0.104501281,0.153652547,1.100000001,0.018198756,4.016339713,0.090009558,0.013155676,0.024856393,0.051997489,3.899515574,0.013622542,0.01319204
-0.0098152,-0.1183206,0.162522164,1.15,0.010445223,1.009746449,0.13749999,0.010358577,0.107610144,0.019531269,0.857957261,0.00201687,0.012272328
-0.024042411,-0.131093878,0.224196429,1.149999999,0.05859444,6.018239699,0.744571917,0.010835762,0.553164482,0.180571673,5.141379609,0.118050781,0.014237392
-0.019871958,-0.103780568,0.171372128,1.100000001,0.013697296,0.319316003,0.063091402,0.002271421,0.004917621,0.05590236,0.239944133,0.006545503,0.009734965
-0.045933386,-0.136412611,0.210243389,1.100000001,0.078053172,3.356355965,0.597964532,0.016765416,0.413770976,0.167428141,2.707631331,0.04913028,0.001629821
-0.023929356,-0.120835144,0.164678846,1.15,0.010445223,1.009746449,0.13749999,0.010358577,0.107610144,0.019531269,0.857957261,0.00201687,0.012272328
-0.030617907,-0.109545639,0.165814965,1.15,0.025558657,4.352827147,0.23563629,0.029228676,0.161542626,0.044864988,4.02494272,0.080673578,0.011574559
-0.031902983,-0.132318419,0.191892242,1.1,0.011382609,2.882636475,0.096758933,0.009223578,0.076557718,0.010977637,2.749562412,0.022354933,0.013960197
-0.008783505,-0.089467079,0.105938709,1.149999999,0.036501886,3.818678224,0.383765406,0.001340641,0.375482166,0.0069426,3.429443627,0.002521078,0.002948113
-0.019681386,-0.12571066,0.195223365,1.05,0.045173467,6.1962267,0.291153241,0.009670945,0.170020427,0.111461869,5.841577732,0.05214804,0.011347686
-0.029035664,-0.096028213,0.109745933,1.100000001,0.04850042,3.235230692,0.475801881,0.017655329,0.44429074,0.013855812,2.751157015,0.008178759,9.3e-05
-0.044844712,-0.101624677,0.129169317,1.05,0.068477566,5.641559272,0.554833914,0.028553962,0.472002363,0.054277589,5.062597402,0.020908365,0.003219591
-0.020662701,-0.107135271,0.183487303,1.149999999,0.010445223,5.577017235,0.13749999,0.010358577,0.107610144,0.019531269,5.425228047,0.00201687,0.012272328
-0.031220583,-0.105295405,0.165019106,1.2,0.018198756,2.500493872,0.090009558,0.013155676,0.024856393,0.051997489,2.383669733,0.013622542,0.01319204
-0.013683295,-0.138419233,0.195364352,1.100000001,0.070647312,4.252994844,0.427875935,0.005734522,0.200287278,0.221854134,3.779604768,0.016387291,0.029126849
-0.009861802,-0.108718446,0.157989844,1.05,0.04716922,5.477700862,0.267588849,0.016387188,0.11073316,0.140468501,5.129277474,0.076851867,0.003982673
-0.038518829,-0.117089572,0.12756685,1.050000001,0.068477566,5.641559272,0.554833914,0.028553962,0.472002363,0.054277589,5.062597402,0.020908365,0.003219591
-0.029048657,-0.12845019,0.179416897,1.15,0.010009194,4.95638309,0.089394975,0.014997315,0.042973574,0.031424085,4.810171743,0.051011779,0.005804593
-0.034105478,-0.13150451,0.162426952,1.1,0.011382609,2.882636474,0.096758933,0.009223578,0.076557718,0.010977637,2.749562411,0.022354933,0.013960197
-0.019702454,-0.126833874,0.190839591,1.05,0.008844867,3.364609896,0.055275529,0.004857509,0.02654513,0.023872889,3.306194501,0.000369588,0.002770278
-0.036440506,-0.131807703,0.202793831,1.15,0.010009194,4.956383089,0.089394975,0.014997315,0.042973574,0.031424085,4.810171742,0.051011779,0.005804593
-0.014747618,-0.112514471,0.177008839,1.350000001,0.020940438,3.66798497,0.104147683,0.005104614,0.023898373,0.075144696,3.497445556,0.05728364,0.009108091
-0.011432269,-0.082879487,0.122685613,1.05,0.079691712,4.283125954,0.618390616,0.019487658,0.434160704,0.164742253,3.628526916,0.033199616,0.003008806
-0.033268733,-0.105682471,0.137372479,1.05,0.068477566,5.641559272,0.554833914,0.028553962,0.472002363,0.054277589,5.062597402,0.020908365,0.003219591
-0.02967387,-0.127712143,0.158994448,1.100000001,0.013697296,0.319316003,0.063091402,0.002271421,0.004917621,0.05590236,0.239944133,0.006545503,0.009734965
-0.040452406,-0.125641409,0.141802563,1.05,0.068477566,5.641559272,0.554833914,0.028553962,0.472002363,0.054277589,5.062597402,0.020908365,0.003219591
-0.028781458,-0.105859384,0.161265074,1.100000001,0.010108802,5.822684788,0.152695885,0.005133126,0.117014647,0.030548111,5.639162521,0.022819305,0.008007077
-0.04067358,-0.103536342,0.165328452,1.100000001,0.018198756,4.016339713,0.090009558,0.013155676,0.024856393,0.051997489,3.899515574,0.013622542,0.01319204
-0.022803192,-0.092975317,0.148429013,1.2,0.030923214,1.603914421,0.199679359,0.034737043,0.048638018,0.116304298,1.36919371,0.033052693,0.001988658
-0.029348843,-0.1079122,0.144400173,1.1,0.013697296,0.319316003,0.063091402,0.002271421,0.004917621,0.05590236,0.239944133,0.006545503,0.009734965
-0.041653677,-0.111107909,0.192802079,1.199999999,0.011382609,3.666696959,0.096758933,0.009223578,0.076557718,0.010977637,3.533622896,0.022354933,0.013960197
-0.015324059,-0.102657458,0.168842308,1.1,0.032961501,2.629204864,0.135095609,0.008491911,0.012458186,0.114145512,2.420682686,0.071483753,0.001942815
-0.016782798,-0.136039231,0.194706725,1.05,0.035658929,6.404128278,0.159782674,0.006540288,0.01985319,0.133389196,6.177960075,0.055505782,0.010879747
-0.039442923,-0.120436176,0.142786414,1.050000001,0.068477566,5.641559272,0.554833914,0.028553962,0.472002363,0.054277589,5.062597402,0.020908365,0.003219591
-0.024334343,-0.113319446,0.197400662,1.149999999,0.051776925,4.471224557,0.494506624,0.018437527,0.418261918,0.057807178,3.941135554,0.021200838,0.014381541
-0.030324024,-0.121151603,0.200976766,1.15,0.010009194,4.956383089,0.089394975,0.014997315,0.042973574,0.031424085,4.810171742,0.051011779,0.005804593
-0.025216419,-0.120772838,0.167195942,1.100000001,0.013697296,0.319316003,0.063091402,0.002271421,0.004917621,0.05590236,0.239944133,0.006545503,0.009734965
-0.024201667,-0.131279831,0.200858039,1.149999999,0.032036603,5.577017234,0.13749999,0.010358577,0.107610144,0.019531269,5.425228046,0.00201687,0.012272328
-0.034090737,-0.11016882,0.190707025,1.2,0.068477566,1.799549774,0.554833914,0.028553962,0.472002363,0.054277589,1.220587905,0.020908365,0.003219591
-0.037419411,-0.115608692,0.170359635,1.25,0.036238467,5.012552608,0.239822229,0.024734157,0.121674607,0.093413466,4.755809466,0.009758358,0.007162554
-0.020238567,-0.104573906,0.16794722,1.1,0.013931298,3.463442622,0.120017457,0.004262941,0.052423236,0.06333128,3.313267587,0.017644899,0.012512679
-0.037213061,-0.129129758,0.184424754,1.1,0.017799041,5.507131652,0.072736721,0.009834777,0.005014248,0.057887696,5.414859176,0.014363997,0.005171758
-0.02971673,-0.154313509,0.189096135,1.050000001,0.008844867,3.364609896,0.055275529,0.004857509,0.02654513,0.023872889,3.306194501,0.000369588,0.002770278
-0.04285826,-0.134470516,0.19434758,1.05,0.035658929,6.404128278,0.159782674,0.006540288,0.01985319,0.133389196,6.177960075,0.055505782,0.010879747
-0.024495105,-0.137314983,0.170748308,1.05,0.035658929,6.404128277,0.159782674,0.006540288,0.01985319,0.133389196,6.177960075,0.055505782,0.010879747
-0.036838361,-0.124237757,0.133703346,1.100000001,0.035766029,2.823837902,0.464060084,0.023812789,0.318866712,0.121380583,2.302249432,0.043318467,0.014209919
-0.037268187,-0.092545207,0.16617672,1.25,0.013931298,0.796256543,0.291153241,0.009670945,0.170020427,0.111461869,0.441607575,0.05214804,0.011347686
-0.02885253,-0.098279335,0.123743883,1.2,0.035084501,2.689577965,0.14176899,0.024669619,0.09703178,0.020067591,2.530445335,0.01358891,0.003774731
-0.038216903,-0.105731625,0.175656187,1.149999999,0.034797729,1.023579209,0.173180785,0.006500391,0.059963801,0.106716592,0.789179168,0.060384358,0.000834899
-0.015066014,-0.111808528,0.160787732,1.3,0.027286781,6.548455126,0.179600085,0.021011034,0.078313406,0.080275645,6.264517209,0.080342515,0.023995317
-0.025937517,-0.143077616,0.200654224,1.1,0.070497034,1.865412268,0.574136867,0.031076893,0.488833571,0.054226403,1.270290157,0.018500027,0.002485217
-0.032552651,-0.118831909,0.163468839,1.1,0.052931868,2.695268423,0.459096162,0.024266134,0.364897746,0.069932282,2.133817806,0.07397828,0.028376174
-0.018054403,-0.105185019,0.184913356,1.15,0.010108802,5.822684788,0.152695885,0.005133126,0.117014647,0.030548111,5.639162521,0.022819305,0.008007077
-0.027805335,-0.110421578,0.217217775,1.149999999,0.099928605,6.018239699,0.744571917,0.010835762,0.553164482,0.180571673,5.141379609,0.118050781,0.014237392
-0.027327357,-0.094551939,0.164451869,1.100000001,0.013697296,0.319316003,0.063091402,0.002271421,0.004917621,0.05590236,0.239944133,0.006545503,0.009734965
-0.021751862,-0.07245677,0.119358202,1.1,0.046893369,3.464235068,0.473270827,0.010142516,0.461220695,0.001907616,2.954419437,0.028643143,0.007901662
-0.031891611,-0.137167435,0.186792423,1.2,0.070647312,4.463641237,0.523301081,0.007922601,0.305339156,0.210039324,3.855016686,0.072070213,0.013253257
-0.031233698,-0.128396048,0.196752766,1.149999999,0.045173467,9.37632506,0.253068066,0.011662465,0.122514812,0.118890789,9.051439586,0.063247436,0.008569972
-0.028264496,-0.146792887,0.181743561,1.15,0.070647312,4.252994844,0.427875935,0.005734522,0.200287278,0.221854134,3.779604768,0.016387291,0.029126849
-0.024784876,-0.113812323,0.196226227,1.1,0.068426555,5.32147809,0.606929794,0.011279945,0.548151463,0.047498386,4.650354455,0.055093696,0.009100145
0.042708886,-0.016727249,0.592747696,4.8,0.277831179,2.044480118,1.281704138,0.374051817,0.454407393,0.453244928,0.152883183,0.423458416,0.18643438
0.177341343,0.279921513,0.459454629,4.7,0.295388478,3.132734937,1.981566486,1.020540552,0.387432934,0.573593,0.306196242,0.381818443,0.463153766
0.213724207,-0.051452582,0.345950705,4.95,0.111156452,1.655785346,0.97092069,0.226734585,0.204122009,0.540064096,0.145857084,0.258990853,0.280016719
0.245654321,-0.072313504,0.202572943,4.7,0.238671891,2.362790395,1.14698588,0.284235869,0.247807934,0.614942077,0.275710826,0.526065611,0.414028078
0.071699683,-0.248631402,0.393217287,4.95,0.318057402,2.136822557,1.513728148,1.287346081,0.054569854,0.171812214,0.206241926,0.279799136,0.137053348
0.20548368,-0.180711565,0.416851485,3.75,0.191168275,1.524167157,0.740319035,0.717536815,0.019927607,0.002854613,0.31017958,0.285834507,0.187834035
0.286428225,-0.114603315,0.318464268,4.95,0.160432261,1.969320146,0.828333663,0.394442562,0.231004123,0.202886978,0.254873971,0.453559044,0.432553468
0.15894603,-0.318879558,0.444949291,4.85,0.337045252,2.882683226,2.281417863,1.11517191,0.484365265,0.681880688,0.333443374,0.096056009,0.17176598
0.129312237,0.034474727,0.60982687,4.85,0.229655722,1.676791512,1.147495791,0.256018949,0.050082901,0.841393941,0.152024197,0.266594133,0.11067739
0.258295345,0.068105371,0.401596368,4.8,0.073946241,0.871662332,0.37075534,0.257721694,0.016066399,0.096967247,0.032987335,0.323110878,0.144808779
0.327388819,-0.122116164,0.156334955,4.45,0.304898777,1.767088131,1.2021466,0.356526145,0.712280763,0.133339693,0.080833973,0.358481063,0.125626495
0.198454885,0.125526495,0.246698377,4.35,0.231727329,1.958060348,1.277256929,0.567366048,0.023444892,0.686445989,0.272673457,0.299962603,0.108167359
0.105700789,-0.307925357,0.297415339,4.65,0.371602047,2.794380668,1.707144915,1.222288159,0.327668253,0.157188502,0.373032796,0.395331322,0.318871636
0.27455003,0.101234446,0.505810177,4.7,0.127233181,2.191196967,1.25209403,0.351782396,0.257525857,0.642785778,0.160286709,0.324412582,0.454403647
0.360697259,-0.117805301,0.288679627,3.85,0.205949301,1.629960753,1.058330005,0.321125226,0.568941337,0.168263442,0.166933063,0.173080228,0.231617457
0.266818273,0.228185644,0.42690831,4.5,0.228187323,2.312203281,1.654898153,0.702347418,0.440351968,0.512198766,0.112938471,0.361310842,0.183055815
0.067852635,-0.37205598,0.430310838,4.8,0.421939373,3.059754967,2.796796047,1.390338649,0.601465731,0.804991666,0.020516045,0.201850056,0.04059282
0.398763304,-0.006160218,0.114830787,4.6,0.34089126,2.016461015,1.243844501,0.018145508,1.032411062,0.193287931,0.066041163,0.339292327,0.367283024
0.214945913,0.262817553,0.102577051,4.5,0.42225679,2.559734901,1.956910987,0.880086727,0.880838705,0.195985555,0.100677977,0.474900442,0.027245495
0.260314727,0.029253112,0.502702148,4.95,0.079539326,1.502052957,0.640257007,0.111750234,0.088525961,0.439980812,0.049298038,0.514552073,0.297945839
0.04051936,0.011556417,0.585289416,4.6,0.275215284,1.701216413,1.041736823,0.204798835,0.483983775,0.352954213,0.221930567,0.265006761,0.172542263
0.266936945,0.110081954,0.098286171,4.55,0.348633855,2.033289875,1.608872336,0.389504072,0.749286149,0.470082115,0.033844307,0.182620807,0.207952425
0.191508645,-0.07974942,0.270754005,4.8,0.192485492,1.780316076,1.331129018,0.382506342,0.151922373,0.796700304,0.193241139,0.191519824,0.064426095
0.286202129,-0.009348241,0.281718473,4.4,0.148921078,1.498473279,0.639210402,0.047190033,0.184376906,0.407643462,0.267959714,0.384440272,0.206862891
0.11237929,0.030510491,0.513253858,4.95,0.178454705,2.105603827,0.742593941,0.209702167,0.474054105,0.058837668,0.371968438,0.53013566,0.460905788
0.147566299,-0.195452606,0.366107286,4.45,0.237389656,2.242225468,1.364445167,0.903019023,0.099603372,0.361822772,0.377373407,0.259453484,0.24095341
0.366080294,0.164826234,0.291104879,4.3,0.236700269,2.283960797,1.447030697,0.413575967,0.685083207,0.348371523,0.254895103,0.312240777,0.26979422
-0.034344025,0.052526389,0.637660201,4.4,0.37004145,3.003409,2.417644385,0.968897912,0.267210304,1.181536169,0.100917584,0.291680399,0.193166632
-0.045244398,-0.348990689,0.183940551,4.7,0.528389291,3.086842328,2.459909983,1.697962357,0.643638848,0.118308778,0.227930116,0.326988284,0.072013945
0.021488223,0.38694841,0.343536434,4.75,0.465988286,2.919879894,2.488410643,1.514565152,0.566482264,0.407363227,0.041273364,0.166810618,0.22338527
0.172389096,-0.142172295,0.131795813,4.95,0.342694179,2.904024166,1.916633936,0.680801243,0.435690445,0.800142248,0.405889463,0.206998469,0.374502299
0.307107425,0.205068435,0.283794192,4.8,0.254532158,1.729195899,1.205817367,0.591295256,0.53137144,0.08315067,0.063530957,0.269376406,0.190471169
0.173662904,0.284116799,0.245498466,4.8,0.350779641,2.34512616,1.633500911,1.021004698,0.425190621,0.187305592,0.073003283,0.234287321,0.404334644
0.216427278,-0.021545148,0.522298684,4.45,0.108119851,1.053142147,0.454790795,0.082984203,0.051914782,0.31989181,0.243824017,0.296926204,0.057601132
0.252348151,0.105712119,0.323992349,4.8,0.14975171,1.921124371,0.85948526,0.420123914,0.073122755,0.366238591,0.377854548,0.469743137,0.214041426
0.211452141,-0.189117153,0.470937222,4.85,0.201516399,2.024170705,1.198675793,0.743309081,0.143968939,0.311397772,0.264443452,0.282742018,0.278309442
0.366285348,0.157532395,0.108833954,4.3,0.370443455,2.330159939,1.671694241,0.406267433,1.03099355,0.234433258,0.043071125,0.42920085,0.186193724
0.298440167,-0.174122503,0.317759858,4.9,0.208642337,2.010713223,0.928108141,0.508246349,0.401072704,0.018789089,0.376919308,0.507964441,0.197721333
0.140227323,0.019182757,0.560990773,4.3,0.183783426,1.010241157,0.750863898,0.138822748,0.264145667,0.347895483,0.071684144,0.179214016,0.0084791
0.265680214,0.223372245,0.479166255,4.9,0.228935922,3.13646941,2.144524001,0.701748474,0.530068324,0.912707203,0.34451664,0.319501921,0.327926848
0.026368571,0.150123474,0.606885037,4.899999999,0.334519805,2.94457167,2.31181716,1.382200679,0.037097142,0.892519339,0.177638056,0.165351181,0.289765273
0.23208281,-0.185253906,0.47093353,4.75,0.193037728,1.893026634,1.277371122,0.671139599,0.214316626,0.391914896,0.048326923,0.336910593,0.230417997
0.350162734,0.06445865,0.094096871,4.8,0.351172155,2.324945753,1.154742333,0.182227219,0.933768323,0.038746791,0.316682562,0.452769628,0.40075123
-0.032651789,0.349463106,0.135002694,4.95,0.546075488,3.76707352,2.631647354,1.680509687,0.803128233,0.148009434,0.376328342,0.372962643,0.386135181
0.24427567,-0.034206376,0.293658594,4.550000001,0.141493235,1.955710555,0.690263799,0.137836758,0.028924757,0.523502284,0.438415274,0.478283872,0.348747611
0.20350158,-0.182684181,0.293470801,4.65,0.236147626,1.551348315,1.254402522,0.733581737,0.090637497,0.430183288,0.062940731,0.05837177,0.175633291
0.180144452,-0.295608032,0.323531203,4.55,0.325550222,2.154751654,1.428216546,1.010004433,0.375970198,0.042241915,0.465861758,0.047423655,0.213249696
0.098487261,-0.020903537,0.503621514,4.649999999,0.1852478,1.973628258,0.857345055,0.143587616,0.564668307,0.149089132,0.405597211,0.431480841,0.279205151
0.380055215,-0.143636885,0.302879748,4.95,0.222328673,1.950954877,1.476168586,0.361868034,0.683447266,0.430853286,0.023494235,0.186204485,0.265087571
0.385747556,-0.05272338,0.252340566,4.850000001,0.219453016,1.825156104,0.982943177,0.134279934,0.652837423,0.19582582,0.236751402,0.337126215,0.26833531
0.296751672,0.201733241,0.237688078,4.899999999,0.279739368,2.215664161,1.173117389,0.594983987,0.546231256,0.031902147,0.348804414,0.332960829,0.360781529
0.260292608,0.038483437,0.542935894,4.0,0.120419096,1.589014294,1.184584189,0.157527254,0.249260492,0.777796443,0.250221057,0.11361381,0.040595238
0.143632707,-0.082815695,0.60273101,4.55,0.228382637,2.062281302,1.487700212,0.522622135,0.052460705,0.912617372,0.003978548,0.399016707,0.171585835
0.392462711,-0.018987065,0.250340893,4.75,0.219353111,1.368031726,0.930439121,0.050866895,0.673476372,0.206095854,0.188040858,0.16851866,0.081033087
0.326195506,0.218359143,0.252666931,4.9,0.286934058,2.379975698,1.477672003,0.588690835,0.66737485,0.221606318,0.230679523,0.360562715,0.311061457
0.001429482,-0.174750326,0.159893197,4.8,0.416332524,3.202032483,2.778374443,1.560325517,0.155505889,1.062543038,0.033314124,0.108024161,0.282319755
0.287571016,0.050036417,0.297203314,4.8,0.142493575,1.597011835,0.637929847,0.169998804,0.161539172,0.306391871,0.366166237,0.353209526,0.239706224
0.245644193,-0.129144703,0.282373982,4.55,0.19658667,2.051131991,1.006656884,0.482786873,0.126556102,0.397313909,0.218144476,0.514711483,0.311619149
0.070914963,0.042551242,0.604738305,4.65,0.266504858,1.925407949,1.391291898,0.52722184,0.253508973,0.610561085,0.067631498,0.336044965,0.130439588
0.326349429,0.142779506,0.258653642,4.85,0.230217552,1.657256577,0.917982648,0.411803726,0.499976331,0.006202591,0.091427063,0.591803475,0.05604339
0.001152339,0.036793016,0.592369569,4.699999999,0.313932624,3.01160037,2.476479648,1.568102024,0.482279463,0.426098161,0.237365838,0.238275416,0.059479469
0.384071078,0.105036021,0.332524164,4.15,0.184740661,2.30824337,1.378332639,0.278712552,0.646489911,0.453130176,0.336251554,0.287016282,0.306642895
0.200307162,0.257485904,0.454760813,4.649999999,0.267211462,2.120043544,1.724820642,0.907094927,0.32001952,0.497706195,0.1552372,0.187184953,0.052800749
0.161292356,-0.005345362,0.411624673,4.9,0.106943732,1.923483053,0.992606018,0.04152913,0.456766493,0.494310395,0.071205222,0.582649551,0.277022263
0.177558663,-0.137652588,0.569126021,4.399999999,0.21569914,2.371120257,1.690084866,0.678084113,0.185099401,0.826901352,0.272867538,0.352202901,0.055964951
0.185005491,-0.102675463,0.2956957,4.5,0.187076498,1.909113331,1.411939276,0.507244837,0.185311185,0.719383255,0.012871777,0.168242738,0.31605954
0.12633413,0.02664245,0.544116106,4.2,0.183528187,1.120205293,0.762813672,0.220232138,0.364586377,0.177995157,0.17389706,0.001013752,0.18248081
0.353529405,-0.116301447,0.411676196,4.65,0.146270374,2.738210061,1.46240737,0.317261666,0.520578044,0.624567659,0.379591578,0.410523228,0.485687885
0.159871559,0.130320347,0.162581678,4.65,0.31535053,2.784968635,1.896692871,0.713253401,0.259986925,0.923452545,0.404823283,0.342978424,0.140474058
0.231960456,-0.074271446,0.34173063,4.3,0.119800849,1.078337041,0.844231894,0.310012582,0.105247634,0.428971678,0.004802937,0.192625069,0.036677141
0.212534129,0.120074141,0.155562985,3.949999999,0.30355252,2.379632707,1.59838684,0.515722692,0.384901085,0.697763063,0.281723843,0.388847596,0.110674428
0.172641926,-0.056083311,0.578327116,4.6,0.18517154,1.219252189,0.972670833,0.311890764,0.007802588,0.652977482,0.031587307,0.212957905,0.002036145
0.124867956,-0.032125362,0.558449004,4.7,0.194751006,1.469979682,0.876630858,0.257173791,0.321570265,0.297886802,0.145589672,0.240160778,0.207598374
0.210487181,0.052304622,0.340803255,4.05,0.116932807,1.216005144,1.021546672,0.245658921,0.226912625,0.548975126,0.075057447,0.115551284,0.003849741
0.072423268,0.019989751,0.544621351,4.75,0.227013731,1.523710039,0.927251575,0.283901518,0.556191741,0.087158316,0.182180057,0.149388886,0.264889521
0.292866692,-0.187922245,0.128531623,4.65,0.35544536,2.261098589,1.562421393,0.583311354,0.813965584,0.165144455,0.285221681,0.375777022,0.037678493
0.216454612,0.147365609,0.528139009,4.3,0.184551419,2.255796926,1.375382647,0.592576259,0.163845546,0.618960842,0.295747031,0.228039376,0.356627871
0.309872908,0.008777538,0.490516974,4.9,0.075623285,1.476268052,0.987991662,0.027501086,0.311810903,0.648679672,0.077801284,0.338203965,0.072271141
0.268047937,0.173445926,0.194090125,4.95,0.291924922,2.78853474,1.419989415,0.552734203,0.528190359,0.339064853,0.391795855,0.525428902,0.451320569
0.248222724,0.200579468,0.27655539,4.9,0.252597115,2.243525229,1.215067871,0.686421286,0.310531688,0.218114897,0.382021798,0.171909969,0.474525591
0.14846229,0.027249418,0.467382409,4.8,0.127217757,1.526716668,0.889292811,0.191846165,0.451000401,0.246446245,0.108919955,0.288709677,0.239794226
0.049299599,0.000676818,0.568909209,4.7,0.258545925,2.006634339,0.909839166,0.152876431,0.527568194,0.229394541,0.446379387,0.369216634,0.281199152
0.200360705,-0.13645289,0.356012854,4.2,0.168374472,1.736260426,1.127634517,0.608949391,0.110354819,0.408330307,0.214423745,0.181845131,0.212357033
0.363042905,0.233318484,0.32385479,4.9,0.273465294,3.528150224,2.305740681,0.56516056,0.909470634,0.831109487,0.139035395,0.570416859,0.512957288
0.101911238,0.103907958,0.519353049,3.9,0.214673475,1.831952853,1.225875516,0.785786187,0.376963462,0.063125867,0.245926862,0.195021975,0.1651285
0.132518544,-0.046485476,0.412973595,4.75,0.142908061,1.960316767,1.456425646,0.346055637,0.583225984,0.527144026,0.14253266,0.010317538,0.351040922
0.063761967,0.087844831,0.598805669,4.9,0.278682376,3.088937244,1.797452981,0.944898754,0.220007526,0.632546701,0.360102519,0.477864937,0.453516808
0.208435638,0.120723348,0.260600237,4.600000001,0.215234136,1.461019303,1.194330656,0.526928994,0.015816506,0.651585156,0.07098807,0.076724487,0.118976089
0.358568193,-0.208901965,0.054947695,4.6,0.438239044,3.063018921,2.240326274,0.523076425,1.275614102,0.441635748,0.330993228,0.179116481,0.312582938
0.18659964,0.12320196,0.560056183,4.4,0.196842923,1.717061816,1.36412124,0.582838569,0.094304903,0.686977768,0.029018503,0.163598691,0.160323382
0.420610637,-0.190438983,0.195100861,4.75,0.338668003,2.751212171,2.430964812,0.424898366,1.178424103,0.827642343,0.00640492,0.170139555,0.143702884
0.222598234,-0.085043232,0.442036224,4.75,0.096719501,1.270239101,0.552800397,0.371235619,0.1084631,0.073101677,0.108752331,0.230465562,0.378220811
0.144673111,-0.040187542,0.524290974,4.75,0.159894054,1.184239467,0.680631953,0.258391924,0.33282527,0.089414758,0.13714464,0.235597021,0.130865853
0.152441234,-0.178285619,0.538983554,4.65,0.238645954,2.219313614,1.47920964,0.868946477,0.062647314,0.547615849,0.233719303,0.177091453,0.329293218
0.107966066,0.018952581,0.589811602,4.75,0.226656984,1.705444802,0.960323156,0.169662664,0.263971895,0.526688597,0.179765978,0.32685163,0.238504039
-0.013400825,0.008348964,0.61269941,4.899999999,0.334980527,2.133528392,1.113993477,0.022520133,0.457146231,0.634327113,0.503502366,0.422976471,0.093056077
0.074678826,0.042232412,0.597200278,4.649999999,0.258764723,1.846748367,1.320066038,0.492839252,0.300173809,0.527052977,0.166081534,0.107499359,0.253101435
0.035502419,-0.133864774,0.58036471,4.350000001,0.306964248,2.550483586,1.993913582,1.3142293,0.178772574,0.500911709,0.030743569,0.288338321,0.237488114
0.307764167,0.045618411,0.484268868,4.8,0.082615025,1.511146138,1.039236933,0.14393305,0.302695933,0.59260795,0.161421308,0.12663648,0.183851416
0.314057145,0.294826132,0.275378513,4.85,0.335895306,2.542777114,2.195188671,0.759309826,0.850439591,0.585439254,0.292860217,0.047862575,0.006865651
0.106589841,0.105054474,0.39223002,4.9,0.195004451,3.051656395,1.883914136,0.73685416,0.543607003,0.603452973,0.437176684,0.291583773,0.438981803
-0.020112629,-0.008132401,0.611471629,4.25,0.339962169,1.756331837,1.485840739,0.383728229,0.50585517,0.596257339,0.003508841,0.132958844,0.134023414
